[debug] [2026-06-04T20:51:45.318Z] ----------------------------------------------------------------------
[debug] [2026-06-04T20:51:45.321Z] Command:       C:\Program Files\nodejs\node.exe C:\Users\Danya\AppData\Roaming\npm\node_modules\firebase-tools\lib\bin\firebase.js deploy --only functions
[debug] [2026-06-04T20:51:45.321Z] CLI Version:   15.19.1
[debug] [2026-06-04T20:51:45.321Z] Platform:      win32
[debug] [2026-06-04T20:51:45.321Z] Node Version:  v20.11.0
[debug] [2026-06-04T20:51:45.321Z] Time:          Thu Jun 04 2026 21:51:45 GMT+0100 (British Summer Time)
[debug] [2026-06-04T20:51:45.322Z] ----------------------------------------------------------------------
[debug] 
[debug] [2026-06-04T20:51:46.994Z] > command requires scopes: ["email","openid","https://www.googleapis.com/auth/cloudplatformprojects.readonly","https://www.googleapis.com/auth/firebase","https://www.googleapis.com/auth/cloud-platform"]
[debug] [2026-06-04T20:51:46.994Z] > authorizing via signed-in user (danyalc95@gmail.com)
[debug] [2026-06-04T20:51:46.994Z] [iam] checking project half-awake-eyes for permissions ["cloudfunctions.functions.create","cloudfunctions.functions.delete","cloudfunctions.functions.get","cloudfunctions.functions.list","cloudfunctions.functions.update","cloudfunctions.operations.get","firebase.projects.get"]
[debug] [2026-06-04T20:51:46.995Z] Checked if tokens are valid: false, expires at: 1780605642791
[debug] [2026-06-04T20:51:46.995Z] Checked if tokens are valid: false, expires at: 1780605642791
[debug] [2026-06-04T20:51:46.996Z] > refreshing access token with scopes: []
[debug] [2026-06-04T20:51:46.997Z] >>> [apiv2][query] POST https://www.googleapis.com/oauth2/v3/token [none]
[debug] [2026-06-04T20:51:46.997Z] >>> [apiv2][body] POST https://www.googleapis.com/oauth2/v3/token [omitted]
[debug] [2026-06-04T20:51:47.142Z] <<< [apiv2][status] POST https://www.googleapis.com/oauth2/v3/token 200
[debug] [2026-06-04T20:51:47.142Z] <<< [apiv2][body] POST https://www.googleapis.com/oauth2/v3/token [omitted]
[debug] [2026-06-04T20:51:47.148Z] >>> [apiv2][query] POST https://cloudresourcemanager.googleapis.com/v1/projects/half-awake-eyes:testIamPermissions [none]
[debug] [2026-06-04T20:51:47.148Z] >>> [apiv2][(partial)header] POST https://cloudresourcemanager.googleapis.com/v1/projects/half-awake-eyes:testIamPermissions  x-goog-user-project=half-awake-eyes
[debug] [2026-06-04T20:51:47.148Z] >>> [apiv2][body] POST https://cloudresourcemanager.googleapis.com/v1/projects/half-awake-eyes:testIamPermissions {"permissions":["cloudfunctions.functions.create","cloudfunctions.functions.delete","cloudfunctions.functions.get","cloudfunctions.functions.list","cloudfunctions.functions.update","cloudfunctions.operations.get","firebase.projects.get"]}
[debug] [2026-06-04T20:51:47.807Z] <<< [apiv2][status] POST https://cloudresourcemanager.googleapis.com/v1/projects/half-awake-eyes:testIamPermissions 200
[debug] [2026-06-04T20:51:47.807Z] <<< [apiv2][body] POST https://cloudresourcemanager.googleapis.com/v1/projects/half-awake-eyes:testIamPermissions {"permissions":["cloudfunctions.functions.create","cloudfunctions.functions.delete","cloudfunctions.functions.get","cloudfunctions.functions.list","cloudfunctions.functions.update","cloudfunctions.operations.get","firebase.projects.get"]}
[debug] [2026-06-04T20:51:47.807Z] Checked if tokens are valid: true, expires at: 1780609906142
[debug] [2026-06-04T20:51:47.808Z] Checked if tokens are valid: true, expires at: 1780609906142
[debug] [2026-06-04T20:51:47.808Z] >>> [apiv2][query] POST https://iam.googleapis.com/v1/projects/half-awake-eyes/serviceAccounts/half-awake-eyes@appspot.gserviceaccount.com:testIamPermissions [none]
[debug] [2026-06-04T20:51:47.808Z] >>> [apiv2][body] POST https://iam.googleapis.com/v1/projects/half-awake-eyes/serviceAccounts/half-awake-eyes@appspot.gserviceaccount.com:testIamPermissions {"permissions":["iam.serviceAccounts.actAs"]}
[debug] [2026-06-04T20:51:48.436Z] <<< [apiv2][status] POST https://iam.googleapis.com/v1/projects/half-awake-eyes/serviceAccounts/half-awake-eyes@appspot.gserviceaccount.com:testIamPermissions 404
[debug] [2026-06-04T20:51:48.436Z] <<< [apiv2][body] POST https://iam.googleapis.com/v1/projects/half-awake-eyes/serviceAccounts/half-awake-eyes@appspot.gserviceaccount.com:testIamPermissions {"error":{"code":404,"message":"Unknown service account","status":"NOT_FOUND"}}
[debug] [2026-06-04T20:51:48.437Z] [functions] service account IAM check errored, deploy may fail: Request to https://iam.googleapis.com/v1/projects/half-awake-eyes/serviceAccounts/half-awake-eyes@appspot.gserviceaccount.com:testIamPermissions had HTTP Error: 404, Unknown service account {"name":"FirebaseError","children":[],"context":{"body":{"error":{"code":404,"message":"Unknown service account","status":"NOT_FOUND"}},"response":{"statusCode":404}},"exit":1,"message":"Request to https://iam.googleapis.com/v1/projects/half-awake-eyes/serviceAccounts/half-awake-eyes@appspot.gserviceaccount.com:testIamPermissions had HTTP Error: 404, Unknown service account","status":404}
[info] 
[info] === Deploying to 'half-awake-eyes'...
[info] 
[info] i  deploying functions 
[debug] [2026-06-04T20:51:48.440Z] Checked if tokens are valid: true, expires at: 1780609906142
[debug] [2026-06-04T20:51:48.440Z] Checked if tokens are valid: true, expires at: 1780609906142
[debug] [2026-06-04T20:51:48.440Z] >>> [apiv2][query] GET https://cloudresourcemanager.googleapis.com/v1/projects/half-awake-eyes [none]
[debug] [2026-06-04T20:51:48.628Z] <<< [apiv2][status] GET https://cloudresourcemanager.googleapis.com/v1/projects/half-awake-eyes 200
[debug] [2026-06-04T20:51:48.628Z] <<< [apiv2][body] GET https://cloudresourcemanager.googleapis.com/v1/projects/half-awake-eyes {"projectNumber":"1002821452473","projectId":"half-awake-eyes","lifecycleState":"ACTIVE","name":"Half Awake Eyes","labels":{"firebase":"enabled","firebase-core":"disabled"},"createTime":"2025-05-25T15:17:07.055492Z"}
[info] i  functions: preparing codebase default for deployment 
[info] i  functions: ensuring required API cloudfunctions.googleapis.com is enabled... 
[info] i  functions: ensuring required API cloudbuild.googleapis.com is enabled... 
[info] i  artifactregistry: ensuring required API artifactregistry.googleapis.com is enabled... 
[debug] [2026-06-04T20:51:48.630Z] Checked if tokens are valid: true, expires at: 1780609906142
[debug] [2026-06-04T20:51:48.630Z] Checked if tokens are valid: true, expires at: 1780609906142
[debug] [2026-06-04T20:51:48.631Z] >>> [apiv2][query] GET https://firebase.googleapis.com/v1beta1/projects/half-awake-eyes/adminSdkConfig [none]
[debug] [2026-06-04T20:51:48.981Z] <<< [apiv2][status] GET https://firebase.googleapis.com/v1beta1/projects/half-awake-eyes/adminSdkConfig 200
[debug] [2026-06-04T20:51:48.981Z] <<< [apiv2][body] GET https://firebase.googleapis.com/v1beta1/projects/half-awake-eyes/adminSdkConfig {"projectId":"half-awake-eyes","storageBucket":"half-awake-eyes.firebasestorage.app"}
[debug] [2026-06-04T20:51:48.981Z] Checked if tokens are valid: true, expires at: 1780609906142
[debug] [2026-06-04T20:51:48.981Z] Checked if tokens are valid: true, expires at: 1780609906142
[debug] [2026-06-04T20:51:48.981Z] >>> [apiv2][query] GET https://runtimeconfig.googleapis.com/v1beta1/projects/half-awake-eyes/configs [none]
[debug] [2026-06-04T20:51:49.275Z] <<< [apiv2][status] GET https://runtimeconfig.googleapis.com/v1beta1/projects/half-awake-eyes/configs 200
[debug] [2026-06-04T20:51:49.275Z] <<< [apiv2][body] GET https://runtimeconfig.googleapis.com/v1beta1/projects/half-awake-eyes/configs {}
[debug] [2026-06-04T20:51:49.276Z] Validating nodejs source
[warn] !  functions: Runtime Node.js 20 was deprecated on 2026-04-30 and will be decommissioned on 2026-10-30, after which you will not be able to deploy without upgrading. Consider upgrading now to avoid disruption. See https://cloud.google.com/functions/docs/runtime-support for full details on the lifecycle policy 
[warn] !  functions: package.json indicates an outdated version of firebase-functions. Please upgrade using npm install --save firebase-functions@latest in your functions directory. 
[warn] !  functions: Please note that there will be breaking changes when you upgrade. 
[debug] [2026-06-04T20:51:51.137Z] > [functions] package.json contents: {
  "name": "hae-admin-functions",
  "private": true,
  "version": "1.0.0",
  "description": "Firebase callable functions for the Half Awake Eyes admin dashboard.",
  "main": "index.js",
  "engines": {
    "node": "20"
  },
  "scripts": {
    "lint": "node --check index.js"
  },
  "dependencies": {
    "firebase-admin": "^12.7.0",
    "firebase-functions": "^6.4.0",
    "imapflow": "^1.0.187",
    "mailparser": "^3.7.4",
    "nodemailer": "^6.9.16"
  },
  "devDependencies": {}
}
[debug] [2026-06-04T20:51:51.137Z] Building nodejs source
[info] i  functions: Loading and analyzing source code for codebase default to determine what to deploy 
[debug] [2026-06-04T20:51:51.138Z] Could not find functions.yaml. Must use http discovery
[debug] [2026-06-04T20:51:51.150Z] Found firebase-functions binary at 'C:\xampp\htdocs\HAE\functions\node_modules\.bin\firebase-functions'
[info] Serving at port 8392

[debug] [2026-06-04T20:51:52.145Z] Got response from /__/functions.yaml {"endpoints":{"listInboxMessages":{"availableMemoryMb":256,"timeoutSeconds":60,"minInstances":null,"maxInstances":2,"ingressSettings":null,"concurrency":null,"serviceAccountEmail":null,"vpc":null,"platform":"gcfv2","region":["us-central1"],"secretEnvironmentVariables":[{"key":"IONOS_EMAIL"},{"key":"IONOS_PASSWORD"}],"labels":{},"callableTrigger":{},"entryPoint":"listInboxMessages"},"getEmailMessage":{"availableMemoryMb":256,"timeoutSeconds":60,"minInstances":null,"maxInstances":2,"ingressSettings":null,"concurrency":null,"serviceAccountEmail":null,"vpc":null,"platform":"gcfv2","region":["us-central1"],"secretEnvironmentVariables":[{"key":"IONOS_EMAIL"},{"key":"IONOS_PASSWORD"}],"labels":{},"callableTrigger":{},"entryPoint":"getEmailMessage"},"trashEmailMessage":{"availableMemoryMb":256,"timeoutSeconds":60,"minInstances":null,"maxInstances":2,"ingressSettings":null,"concurrency":null,"serviceAccountEmail":null,"vpc":null,"platform":"gcfv2","region":["us-central1"],"secretEnvironmentVariables":[{"key":"IONOS_EMAIL"},{"key":"IONOS_PASSWORD"}],"labels":{},"callableTrigger":{},"entryPoint":"trashEmailMessage"},"sendAdminEmail":{"availableMemoryMb":256,"timeoutSeconds":60,"minInstances":null,"maxInstances":2,"ingressSettings":null,"concurrency":null,"serviceAccountEmail":null,"vpc":null,"platform":"gcfv2","region":["us-central1"],"secretEnvironmentVariables":[{"key":"IONOS_EMAIL"},{"key":"IONOS_PASSWORD"}],"labels":{},"callableTrigger":{},"entryPoint":"sendAdminEmail"}},"specVersion":"v1alpha1","requiredAPIs":[],"extensions":{},"params":[{"type":"secret","name":"IONOS_EMAIL"},{"type":"secret","name":"IONOS_PASSWORD"}]}
[debug] [2026-06-04T20:51:57.179Z] Checked if tokens are valid: true, expires at: 1780609906142
[debug] [2026-06-04T20:51:57.179Z] Checked if tokens are valid: true, expires at: 1780609906142
[debug] [2026-06-04T20:51:57.179Z] >>> [apiv2][query] GET https://cloudfunctions.googleapis.com/v1/projects/half-awake-eyes/locations/-/functions [none]
[debug] [2026-06-04T20:51:57.812Z] <<< [apiv2][status] GET https://cloudfunctions.googleapis.com/v1/projects/half-awake-eyes/locations/-/functions 200
[debug] [2026-06-04T20:51:57.812Z] <<< [apiv2][body] GET https://cloudfunctions.googleapis.com/v1/projects/half-awake-eyes/locations/-/functions {}
[debug] [2026-06-04T20:51:57.813Z] Checked if tokens are valid: true, expires at: 1780609906142
[debug] [2026-06-04T20:51:57.813Z] Checked if tokens are valid: true, expires at: 1780609906142
[debug] [2026-06-04T20:51:57.813Z] >>> [apiv2][query] GET https://cloudfunctions.googleapis.com/v2/projects/half-awake-eyes/locations/-/functions filter=environment%3D%22GEN_2%22
[debug] [2026-06-04T20:51:58.840Z] <<< [apiv2][status] GET https://cloudfunctions.googleapis.com/v2/projects/half-awake-eyes/locations/-/functions 200
[debug] [2026-06-04T20:51:58.840Z] <<< [apiv2][body] GET https://cloudfunctions.googleapis.com/v2/projects/half-awake-eyes/locations/-/functions {"functions":[{"name":"projects/half-awake-eyes/locations/us-central1/functions/listInboxMessages","buildConfig":{"build":"projects/1002821452473/locations/us-central1/builds/382303e2-ccf0-442b-8f8f-d8a5a4f0b29f","runtime":"nodejs20","entryPoint":"listInboxMessages","source":{"storageSource":{"bucket":"gcf-v2-sources-1002821452473-us-central1","object":"listInboxMessages/function-source.zip","generation":"1780602062407176"}},"environmentVariables":{"GOOGLE_NODE_RUN_SCRIPTS":""},"dockerRepository":"projects/half-awake-eyes/locations/us-central1/repositories/gcf-artifacts","sourceProvenance":{"resolvedStorageSource":{"bucket":"gcf-v2-sources-1002821452473-us-central1","object":"listInboxMessages/function-source.zip","generation":"1780602062407176"}},"dockerRegistry":"ARTIFACT_REGISTRY","serviceAccount":"projects/half-awake-eyes/serviceAccounts/1002821452473-compute@developer.gserviceaccount.com","automaticUpdatePolicy":{}},"serviceConfig":{"service":"projects/half-awake-eyes/locations/us-central1/services/listinboxmessages","timeoutSeconds":60,"environmentVariables":{"FIREBASE_CONFIG":"{\"projectId\":\"half-awake-eyes\",\"storageBucket\":\"half-awake-eyes.firebasestorage.app\"}","GCLOUD_PROJECT":"half-awake-eyes","EVENTARC_CLOUD_EVENT_SOURCE":"projects/half-awake-eyes/locations/us-central1/services/listInboxMessages","FUNCTION_TARGET":"listInboxMessages","LOG_EXECUTION_ID":"true"},"maxInstanceCount":2,"ingressSettings":"ALLOW_ALL","uri":"https://listinboxmessages-mni4uoxhba-uc.a.run.app","serviceAccountEmail":"1002821452473-compute@developer.gserviceaccount.com","availableMemory":"256Mi","allTrafficOnLatestRevision":true,"secretEnvironmentVariables":[{"key":"IONOS_EMAIL","projectId":"half-awake-eyes","secret":"IONOS_EMAIL","version":"5"},{"key":"IONOS_PASSWORD","projectId":"half-awake-eyes","secret":"IONOS_PASSWORD","version":"4"}],"revision":"listinboxmessages-00008-lok","maxInstanceRequestConcurrency":80,"availableCpu":"1"},"state":"ACTIVE","updateTime":"2026-06-04T19:42:11.685403140Z","labels":{"deployment-tool":"cli-firebase","deployment-callable":"true","firebase-functions-hash":"6686f86f58962fd5cc29be799210172bd60a6b3c"},"environment":"GEN_2","url":"https://us-central1-half-awake-eyes.cloudfunctions.net/listInboxMessages","createTime":"2026-06-04T17:55:29.906451264Z","satisfiesPzi":true},{"name":"projects/half-awake-eyes/locations/us-central1/functions/sendAdminEmail","buildConfig":{"build":"projects/1002821452473/locations/us-central1/builds/382303e2-ccf0-442b-8f8f-d8a5a4f0b29f","runtime":"nodejs20","entryPoint":"sendAdminEmail","source":{"storageSource":{"bucket":"gcf-v2-sources-1002821452473-us-central1","object":"sendAdminEmail/function-source.zip","generation":"1780602104864430"}},"environmentVariables":{"GOOGLE_NODE_RUN_SCRIPTS":""},"dockerRepository":"projects/half-awake-eyes/locations/us-central1/repositories/gcf-artifacts","sourceProvenance":{"resolvedStorageSource":{"bucket":"gcf-v2-sources-1002821452473-us-central1","object":"sendAdminEmail/function-source.zip","generation":"1780602104864430"}},"dockerRegistry":"ARTIFACT_REGISTRY","serviceAccount":"projects/half-awake-eyes/serviceAccounts/1002821452473-compute@developer.gserviceaccount.com","automaticUpdatePolicy":{}},"serviceConfig":{"service":"projects/half-awake-eyes/locations/us-central1/services/sendadminemail","timeoutSeconds":60,"environmentVariables":{"FIREBASE_CONFIG":"{\"projectId\":\"half-awake-eyes\",\"storageBucket\":\"half-awake-eyes.firebasestorage.app\"}","GCLOUD_PROJECT":"half-awake-eyes","EVENTARC_CLOUD_EVENT_SOURCE":"projects/half-awake-eyes/locations/us-central1/services/sendAdminEmail","FUNCTION_TARGET":"sendAdminEmail","LOG_EXECUTION_ID":"true","FUNCTION_SIGNATURE_TYPE":"http"},"maxInstanceCount":2,"ingressSettings":"ALLOW_ALL","uri":"https://sendadminemail-mni4uoxhba-uc.a.run.app","serviceAccountEmail":"1002821452473-compute@developer.gserviceaccount.com","availableMemory":"256Mi","allTrafficOnLatestRevision":true,"secretEnvironmentVariables":[{"key":"IONOS_EMAIL","projectId":"half-awake-eyes","secret":"IONOS_EMAIL","version":"5"},{"key":"IONOS_PASSWORD","projectId":"half-awake-eyes","secret":"IONOS_PASSWORD","version":"4"}],"revision":"sendadminemail-00008-far","maxInstanceRequestConcurrency":80,"availableCpu":"1"},"state":"ACTIVE","updateTime":"2026-06-04T19:42:11.684365711Z","labels":{"deployment-tool":"cli-firebase","deployment-callable":"true","firebase-functions-hash":"6686f86f58962fd5cc29be799210172bd60a6b3c"},"environment":"GEN_2","url":"https://us-central1-half-awake-eyes.cloudfunctions.net/sendAdminEmail","createTime":"2026-06-04T17:57:15.551068389Z","satisfiesPzi":true},{"name":"projects/half-awake-eyes/locations/us-central1/functions/getEmailMessage","buildConfig":{"build":"projects/1002821452473/locations/us-central1/builds/382303e2-ccf0-442b-8f8f-d8a5a4f0b29f","runtime":"nodejs20","entryPoint":"getEmailMessage","source":{"storageSource":{"bucket":"gcf-v2-sources-1002821452473-us-central1","object":"getEmailMessage/function-source.zip","generation":"1780602104794615"}},"environmentVariables":{"GOOGLE_NODE_RUN_SCRIPTS":""},"dockerRepository":"projects/half-awake-eyes/locations/us-central1/repositories/gcf-artifacts","sourceProvenance":{"resolvedStorageSource":{"bucket":"gcf-v2-sources-1002821452473-us-central1","object":"getEmailMessage/function-source.zip","generation":"1780602104794615"}},"dockerRegistry":"ARTIFACT_REGISTRY","serviceAccount":"projects/half-awake-eyes/serviceAccounts/1002821452473-compute@developer.gserviceaccount.com","automaticUpdatePolicy":{}},"serviceConfig":{"service":"projects/half-awake-eyes/locations/us-central1/services/getemailmessage","timeoutSeconds":60,"environmentVariables":{"FIREBASE_CONFIG":"{\"projectId\":\"half-awake-eyes\",\"storageBucket\":\"half-awake-eyes.firebasestorage.app\"}","GCLOUD_PROJECT":"half-awake-eyes","EVENTARC_CLOUD_EVENT_SOURCE":"projects/half-awake-eyes/locations/us-central1/services/getEmailMessage","FUNCTION_TARGET":"getEmailMessage","LOG_EXECUTION_ID":"true","FUNCTION_SIGNATURE_TYPE":"http"},"maxInstanceCount":2,"ingressSettings":"ALLOW_ALL","uri":"https://getemailmessage-mni4uoxhba-uc.a.run.app","serviceAccountEmail":"1002821452473-compute@developer.gserviceaccount.com","availableMemory":"256Mi","allTrafficOnLatestRevision":true,"secretEnvironmentVariables":[{"key":"IONOS_EMAIL","projectId":"half-awake-eyes","secret":"IONOS_EMAIL","version":"5"},{"key":"IONOS_PASSWORD","projectId":"half-awake-eyes","secret":"IONOS_PASSWORD","version":"4"}],"revision":"getemailmessage-00008-nok","maxInstanceRequestConcurrency":80,"availableCpu":"1"},"state":"ACTIVE","updateTime":"2026-06-04T19:42:12.647981400Z","labels":{"deployment-callable":"true","firebase-functions-hash":"6686f86f58962fd5cc29be799210172bd60a6b3c","deployment-tool":"cli-firebase"},"environment":"GEN_2","url":"https://us-central1-half-awake-eyes.cloudfunctions.net/getEmailMessage","createTime":"2026-06-04T17:57:16.019649947Z","satisfiesPzi":true}]}
[info] i  extensions: ensuring required API firebaseextensions.googleapis.com is enabled... 
[debug] [2026-06-04T20:51:58.841Z] > command requires scopes: ["email","openid","https://www.googleapis.com/auth/cloudplatformprojects.readonly","https://www.googleapis.com/auth/firebase","https://www.googleapis.com/auth/cloud-platform"]
[debug] [2026-06-04T20:51:58.841Z] > authorizing via signed-in user (danyalc95@gmail.com)
[debug] [2026-06-04T20:51:58.841Z] [iam] checking project half-awake-eyes for permissions ["firebase.projects.get","firebaseextensions.instances.list"]
[debug] [2026-06-04T20:51:58.841Z] Checked if tokens are valid: true, expires at: 1780609906142
[debug] [2026-06-04T20:51:58.841Z] Checked if tokens are valid: true, expires at: 1780609906142
[debug] [2026-06-04T20:51:58.842Z] >>> [apiv2][query] POST https://cloudresourcemanager.googleapis.com/v1/projects/half-awake-eyes:testIamPermissions [none]
[debug] [2026-06-04T20:51:58.842Z] >>> [apiv2][(partial)header] POST https://cloudresourcemanager.googleapis.com/v1/projects/half-awake-eyes:testIamPermissions  x-goog-user-project=half-awake-eyes
[debug] [2026-06-04T20:51:58.842Z] >>> [apiv2][body] POST https://cloudresourcemanager.googleapis.com/v1/projects/half-awake-eyes:testIamPermissions {"permissions":["firebase.projects.get","firebaseextensions.instances.list"]}
[debug] [2026-06-04T20:51:59.447Z] <<< [apiv2][status] POST https://cloudresourcemanager.googleapis.com/v1/projects/half-awake-eyes:testIamPermissions 200
[debug] [2026-06-04T20:51:59.447Z] <<< [apiv2][body] POST https://cloudresourcemanager.googleapis.com/v1/projects/half-awake-eyes:testIamPermissions {"permissions":["firebase.projects.get","firebaseextensions.instances.list"]}
[debug] [2026-06-04T20:51:59.447Z] Checked if tokens are valid: true, expires at: 1780609906142
[debug] [2026-06-04T20:51:59.447Z] Checked if tokens are valid: true, expires at: 1780609906142
[debug] [2026-06-04T20:51:59.447Z] >>> [apiv2][query] GET https://firebaseextensions.googleapis.com/v1beta/projects/half-awake-eyes/instances pageSize=100&pageToken=
[debug] [2026-06-04T20:52:00.227Z] <<< [apiv2][status] GET https://firebaseextensions.googleapis.com/v1beta/projects/half-awake-eyes/instances 200
[debug] [2026-06-04T20:52:00.227Z] <<< [apiv2][body] GET https://firebaseextensions.googleapis.com/v1beta/projects/half-awake-eyes/instances {}
[debug] [2026-06-04T20:52:00.228Z] Checked if tokens are valid: true, expires at: 1780609906142
[debug] [2026-06-04T20:52:00.228Z] Checked if tokens are valid: true, expires at: 1780609906142
[debug] [2026-06-04T20:52:00.228Z] >>> [apiv2][query] GET https://secretmanager.googleapis.com/v1/projects/half-awake-eyes/secrets/IONOS_EMAIL [none]
[debug] [2026-06-04T20:52:00.475Z] <<< [apiv2][status] GET https://secretmanager.googleapis.com/v1/projects/half-awake-eyes/secrets/IONOS_EMAIL 200
[debug] [2026-06-04T20:52:00.475Z] <<< [apiv2][body] GET https://secretmanager.googleapis.com/v1/projects/half-awake-eyes/secrets/IONOS_EMAIL {"name":"projects/1002821452473/secrets/IONOS_EMAIL","replication":{"automatic":{}},"createTime":"2026-06-04T17:51:30.167932Z","labels":{"firebase-managed":"functions"},"etag":"\"16537131c0ad8d\""}
[debug] [2026-06-04T20:52:00.475Z] Checked if tokens are valid: true, expires at: 1780609906142
[debug] [2026-06-04T20:52:00.475Z] Checked if tokens are valid: true, expires at: 1780609906142
[debug] [2026-06-04T20:52:00.475Z] >>> [apiv2][query] GET https://secretmanager.googleapis.com/v1/projects/half-awake-eyes/secrets/IONOS_EMAIL/versions/latest [none]
[debug] [2026-06-04T20:52:00.638Z] <<< [apiv2][status] GET https://secretmanager.googleapis.com/v1/projects/half-awake-eyes/secrets/IONOS_EMAIL/versions/latest 200
[debug] [2026-06-04T20:52:00.638Z] <<< [apiv2][body] GET https://secretmanager.googleapis.com/v1/projects/half-awake-eyes/secrets/IONOS_EMAIL/versions/latest {"name":"projects/1002821452473/secrets/IONOS_EMAIL/versions/5","createTime":"2026-06-04T18:27:33.924277Z","state":"ENABLED","replicationStatus":{"automatic":{}},"etag":"\"165371b2a669b5\"","clientSpecifiedPayloadChecksum":true}
[debug] [2026-06-04T20:52:00.638Z] Checked if tokens are valid: true, expires at: 1780609906142
[debug] [2026-06-04T20:52:00.638Z] Checked if tokens are valid: true, expires at: 1780609906142
[debug] [2026-06-04T20:52:00.638Z] >>> [apiv2][query] GET https://secretmanager.googleapis.com/v1/projects/half-awake-eyes/secrets/IONOS_PASSWORD [none]
[debug] [2026-06-04T20:52:00.805Z] <<< [apiv2][status] GET https://secretmanager.googleapis.com/v1/projects/half-awake-eyes/secrets/IONOS_PASSWORD 200
[debug] [2026-06-04T20:52:00.805Z] <<< [apiv2][body] GET https://secretmanager.googleapis.com/v1/projects/half-awake-eyes/secrets/IONOS_PASSWORD {"name":"projects/1002821452473/secrets/IONOS_PASSWORD","replication":{"automatic":{}},"createTime":"2026-06-04T17:52:38.703318Z","labels":{"firebase-managed":"functions"},"etag":"\"16537135ce15fb\""}
[debug] [2026-06-04T20:52:00.805Z] Checked if tokens are valid: true, expires at: 1780609906142
[debug] [2026-06-04T20:52:00.805Z] Checked if tokens are valid: true, expires at: 1780609906142
[debug] [2026-06-04T20:52:00.805Z] >>> [apiv2][query] GET https://secretmanager.googleapis.com/v1/projects/half-awake-eyes/secrets/IONOS_PASSWORD/versions/latest [none]
[debug] [2026-06-04T20:52:01.026Z] <<< [apiv2][status] GET https://secretmanager.googleapis.com/v1/projects/half-awake-eyes/secrets/IONOS_PASSWORD/versions/latest 200
[debug] [2026-06-04T20:52:01.026Z] <<< [apiv2][body] GET https://secretmanager.googleapis.com/v1/projects/half-awake-eyes/secrets/IONOS_PASSWORD/versions/latest {"name":"projects/1002821452473/secrets/IONOS_PASSWORD/versions/4","createTime":"2026-06-04T18:28:00.579313Z","state":"ENABLED","replicationStatus":{"automatic":{}},"etag":"\"165371b43d22f1\"","clientSpecifiedPayloadChecksum":true}
[info] i  functions: preparing functions directory for uploading... 
[info] i  functions: packaged C:\xampp\htdocs\HAE\functions (41.24 KB) for uploading 
[info] i  functions: ensuring required API run.googleapis.com is enabled... 
[info] i  functions: ensuring required API eventarc.googleapis.com is enabled... 
[info] i  functions: ensuring required API pubsub.googleapis.com is enabled... 
[info] i  functions: ensuring required API storage.googleapis.com is enabled... 
[info] i  functions: generating the service identity for pubsub.googleapis.com... 
[debug] [2026-06-04T20:52:01.061Z] Checked if tokens are valid: true, expires at: 1780609906142
[debug] [2026-06-04T20:52:01.061Z] Checked if tokens are valid: true, expires at: 1780609906142
[info] i  functions: generating the service identity for eventarc.googleapis.com... 
[debug] [2026-06-04T20:52:01.061Z] Checked if tokens are valid: true, expires at: 1780609906142
[debug] [2026-06-04T20:52:01.061Z] Checked if tokens are valid: true, expires at: 1780609906142
[debug] [2026-06-04T20:52:01.061Z] >>> [apiv2][query] POST https://serviceusage.googleapis.com/v1beta1/projects/1002821452473/services/pubsub.googleapis.com:generateServiceIdentity [none]
[debug] [2026-06-04T20:52:01.061Z] >>> [apiv2][(partial)header] POST https://serviceusage.googleapis.com/v1beta1/projects/1002821452473/services/pubsub.googleapis.com:generateServiceIdentity  x-goog-user-project=1002821452473
[debug] [2026-06-04T20:52:01.061Z] >>> [apiv2][body] POST https://serviceusage.googleapis.com/v1beta1/projects/1002821452473/services/pubsub.googleapis.com:generateServiceIdentity {}
[debug] [2026-06-04T20:52:01.062Z] >>> [apiv2][query] POST https://serviceusage.googleapis.com/v1beta1/projects/1002821452473/services/eventarc.googleapis.com:generateServiceIdentity [none]
[debug] [2026-06-04T20:52:01.062Z] >>> [apiv2][(partial)header] POST https://serviceusage.googleapis.com/v1beta1/projects/1002821452473/services/eventarc.googleapis.com:generateServiceIdentity  x-goog-user-project=1002821452473
[debug] [2026-06-04T20:52:01.062Z] >>> [apiv2][body] POST https://serviceusage.googleapis.com/v1beta1/projects/1002821452473/services/eventarc.googleapis.com:generateServiceIdentity {}
[debug] [2026-06-04T20:52:01.869Z] <<< [apiv2][status] POST https://serviceusage.googleapis.com/v1beta1/projects/1002821452473/services/pubsub.googleapis.com:generateServiceIdentity 200
[debug] [2026-06-04T20:52:01.870Z] <<< [apiv2][body] POST https://serviceusage.googleapis.com/v1beta1/projects/1002821452473/services/pubsub.googleapis.com:generateServiceIdentity {"name":"operations/finished.DONE_OPERATION","done":true,"response":{"@type":"type.googleapis.com/google.api.serviceusage.v1beta1.ServiceIdentity","email":"service-1002821452473@gcp-sa-pubsub.iam.gserviceaccount.com","uniqueId":"105701085042843076264"}}
[debug] [2026-06-04T20:52:01.974Z] <<< [apiv2][status] POST https://serviceusage.googleapis.com/v1beta1/projects/1002821452473/services/eventarc.googleapis.com:generateServiceIdentity 200
[debug] [2026-06-04T20:52:01.974Z] <<< [apiv2][body] POST https://serviceusage.googleapis.com/v1beta1/projects/1002821452473/services/eventarc.googleapis.com:generateServiceIdentity {"name":"operations/finished.DONE_OPERATION","done":true,"response":{"@type":"type.googleapis.com/google.api.serviceusage.v1beta1.ServiceIdentity","email":"service-1002821452473@gcp-sa-eventarc.iam.gserviceaccount.com","uniqueId":"108275804527224480310"}}
[info] i  functions: ensuring required API secretmanager.googleapis.com is enabled... 
[debug] [2026-06-04T20:52:01.976Z] Checked if tokens are valid: true, expires at: 1780609906142
[debug] [2026-06-04T20:52:01.976Z] Checked if tokens are valid: true, expires at: 1780609906142
[debug] [2026-06-04T20:52:01.976Z] Checked if tokens are valid: true, expires at: 1780609906142
[debug] [2026-06-04T20:52:01.976Z] Checked if tokens are valid: true, expires at: 1780609906142
[debug] [2026-06-04T20:52:01.976Z] >>> [apiv2][query] GET https://secretmanager.googleapis.com/v1/projects/half-awake-eyes/secrets/IONOS_EMAIL/versions/latest [none]
[debug] [2026-06-04T20:52:01.976Z] >>> [apiv2][query] GET https://secretmanager.googleapis.com/v1/projects/half-awake-eyes/secrets/IONOS_PASSWORD/versions/latest [none]
[debug] [2026-06-04T20:52:02.127Z] <<< [apiv2][status] GET https://secretmanager.googleapis.com/v1/projects/half-awake-eyes/secrets/IONOS_EMAIL/versions/latest 200
[debug] [2026-06-04T20:52:02.127Z] <<< [apiv2][body] GET https://secretmanager.googleapis.com/v1/projects/half-awake-eyes/secrets/IONOS_EMAIL/versions/latest {"name":"projects/1002821452473/secrets/IONOS_EMAIL/versions/5","createTime":"2026-06-04T18:27:33.924277Z","state":"ENABLED","replicationStatus":{"automatic":{}},"etag":"\"165371b2a669b5\"","clientSpecifiedPayloadChecksum":true}
[debug] [2026-06-04T20:52:02.127Z] Resolved secret version of IONOS_EMAIL to 5.
[debug] [2026-06-04T20:52:02.140Z] <<< [apiv2][status] GET https://secretmanager.googleapis.com/v1/projects/half-awake-eyes/secrets/IONOS_PASSWORD/versions/latest 200
[debug] [2026-06-04T20:52:02.140Z] <<< [apiv2][body] GET https://secretmanager.googleapis.com/v1/projects/half-awake-eyes/secrets/IONOS_PASSWORD/versions/latest {"name":"projects/1002821452473/secrets/IONOS_PASSWORD/versions/4","createTime":"2026-06-04T18:28:00.579313Z","state":"ENABLED","replicationStatus":{"automatic":{}},"etag":"\"165371b43d22f1\"","clientSpecifiedPayloadChecksum":true}
[debug] [2026-06-04T20:52:02.140Z] Resolved secret version of IONOS_PASSWORD to 4.
[debug] [2026-06-04T20:52:02.141Z] Checked if tokens are valid: true, expires at: 1780609906142
[debug] [2026-06-04T20:52:02.141Z] Checked if tokens are valid: true, expires at: 1780609906142
[debug] [2026-06-04T20:52:02.141Z] >>> [apiv2][query] GET https://cloudresourcemanager.googleapis.com/v1/projects/half-awake-eyes [none]
[debug] [2026-06-04T20:52:02.315Z] <<< [apiv2][status] GET https://cloudresourcemanager.googleapis.com/v1/projects/half-awake-eyes 200
[debug] [2026-06-04T20:52:02.316Z] <<< [apiv2][body] GET https://cloudresourcemanager.googleapis.com/v1/projects/half-awake-eyes {"projectNumber":"1002821452473","projectId":"half-awake-eyes","lifecycleState":"ACTIVE","name":"Half Awake Eyes","labels":{"firebase":"enabled","firebase-core":"disabled"},"createTime":"2025-05-25T15:17:07.055492Z"}
[debug] [2026-06-04T20:52:02.316Z] Checked if tokens are valid: true, expires at: 1780609906142
[debug] [2026-06-04T20:52:02.316Z] Checked if tokens are valid: true, expires at: 1780609906142
[debug] [2026-06-04T20:52:02.316Z] >>> [apiv2][query] GET https://compute.googleapis.com/compute/v1/projects/1002821452473 [none]
[debug] [2026-06-04T20:52:02.564Z] <<< [apiv2][status] GET https://compute.googleapis.com/compute/v1/projects/1002821452473 403
[debug] [2026-06-04T20:52:02.564Z] <<< [apiv2][body] GET https://compute.googleapis.com/compute/v1/projects/1002821452473 {"error":{"code":403,"message":"Compute Engine API has not been used in project 1002821452473 before or it is disabled. Enable it by visiting https://console.developers.google.com/apis/api/compute.googleapis.com/overview?project=1002821452473 then retry. If you enabled this API recently, wait a few minutes for the action to propagate to our systems and retry.","errors":[{"message":"Compute Engine API has not been used in project 1002821452473 before or it is disabled. Enable it by visiting https://console.developers.google.com/apis/api/compute.googleapis.com/overview?project=1002821452473 then retry. If you enabled this API recently, wait a few minutes for the action to propagate to our systems and retry.","domain":"usageLimits","reason":"accessNotConfigured","extendedHelp":"https://console.developers.google.com"}],"status":"PERMISSION_DENIED","details":[{"@type":"type.googleapis.com/google.rpc.ErrorInfo","reason":"SERVICE_DISABLED","domain":"googleapis.com","metadata":{"activationUrl":"https://console.developers.google.com/apis/api/compute.googleapis.com/overview?project=1002821452473","consumer":"projects/1002821452473","serviceTitle":"Compute Engine API","service":"compute.googleapis.com","containerInfo":"1002821452473"}},{"@type":"type.googleapis.com/google.rpc.LocalizedMessage","locale":"en-US","message":"Compute Engine API has not been used in project 1002821452473 before or it is disabled. Enable it by visiting https://console.developers.google.com/apis/api/compute.googleapis.com/overview?project=1002821452473 then retry. If you enabled this API recently, wait a few minutes for the action to propagate to our systems and retry."},{"@type":"type.googleapis.com/google.rpc.Help","links":[{"description":"Google developers console API activation","url":"https://console.developers.google.com/apis/api/compute.googleapis.com/overview?project=1002821452473"}]}]}}
[debug] [2026-06-04T20:52:02.564Z] unable to look up default compute service account. Falling back to 1002821452473-compute@developer.gserviceaccount.com. Error: {"name":"FirebaseError","children":[],"context":{"body":{"error":{"code":403,"message":"Compute Engine API has not been used in project 1002821452473 before or it is disabled. Enable it by visiting https://console.developers.google.com/apis/api/compute.googleapis.com/overview?project=1002821452473 then retry. If you enabled this API recently, wait a few minutes for the action to propagate to our systems and retry.","errors":[{"message":"Compute Engine API has not been used in project 1002821452473 before or it is disabled. Enable it by visiting https://console.developers.google.com/apis/api/compute.googleapis.com/overview?project=1002821452473 then retry. If you enabled this API recently, wait a few minutes for the action to propagate to our systems and retry.","domain":"usageLimits","reason":"accessNotConfigured","extendedHelp":"https://console.developers.google.com"}],"status":"PERMISSION_DENIED","details":[{"@type":"type.googleapis.com/google.rpc.ErrorInfo","reason":"SERVICE_DISABLED","domain":"googleapis.com","metadata":{"activationUrl":"https://console.developers.google.com/apis/api/compute.googleapis.com/overview?project=1002821452473","consumer":"projects/1002821452473","serviceTitle":"Compute Engine API","service":"compute.googleapis.com","containerInfo":"1002821452473"}},{"@type":"type.googleapis.com/google.rpc.LocalizedMessage","locale":"en-US","message":"Compute Engine API has not been used in project 1002821452473 before or it is disabled. Enable it by visiting https://console.developers.google.com/apis/api/compute.googleapis.com/overview?project=1002821452473 then retry. If you enabled this API recently, wait a few minutes for the action to propagate to our systems and retry."},{"@type":"type.googleapis.com/google.rpc.Help","links":[{"description":"Google developers console API activation","url":"https://console.developers.google.com/apis/api/compute.googleapis.com/overview?project=1002821452473"}]}]}},"response":{"statusCode":403}},"exit":1,"message":"Request to https://compute.googleapis.com/compute/v1/projects/1002821452473 had HTTP Error: 403, Compute Engine API has not been used in project 1002821452473 before or it is disabled. Enable it by visiting https://console.developers.google.com/apis/api/compute.googleapis.com/overview?project=1002821452473 then retry. If you enabled this API recently, wait a few minutes for the action to propagate to our systems and retry.","status":403}
[debug] [2026-06-04T20:52:02.564Z] Checked if tokens are valid: true, expires at: 1780609906142
[debug] [2026-06-04T20:52:02.564Z] Checked if tokens are valid: true, expires at: 1780609906142
[debug] [2026-06-04T20:52:02.564Z] >>> [apiv2][query] GET https://compute.googleapis.com/compute/v1/projects/1002821452473 [none]
[debug] [2026-06-04T20:52:02.751Z] <<< [apiv2][status] GET https://compute.googleapis.com/compute/v1/projects/1002821452473 403
[debug] [2026-06-04T20:52:02.751Z] <<< [apiv2][body] GET https://compute.googleapis.com/compute/v1/projects/1002821452473 {"error":{"code":403,"message":"Compute Engine API has not been used in project 1002821452473 before or it is disabled. Enable it by visiting https://console.developers.google.com/apis/api/compute.googleapis.com/overview?project=1002821452473 then retry. If you enabled this API recently, wait a few minutes for the action to propagate to our systems and retry.","errors":[{"message":"Compute Engine API has not been used in project 1002821452473 before or it is disabled. Enable it by visiting https://console.developers.google.com/apis/api/compute.googleapis.com/overview?project=1002821452473 then retry. If you enabled this API recently, wait a few minutes for the action to propagate to our systems and retry.","domain":"usageLimits","reason":"accessNotConfigured","extendedHelp":"https://console.developers.google.com"}],"status":"PERMISSION_DENIED","details":[{"@type":"type.googleapis.com/google.rpc.ErrorInfo","reason":"SERVICE_DISABLED","domain":"googleapis.com","metadata":{"service":"compute.googleapis.com","containerInfo":"1002821452473","consumer":"projects/1002821452473","activationUrl":"https://console.developers.google.com/apis/api/compute.googleapis.com/overview?project=1002821452473","serviceTitle":"Compute Engine API"}},{"@type":"type.googleapis.com/google.rpc.LocalizedMessage","locale":"en-US","message":"Compute Engine API has not been used in project 1002821452473 before or it is disabled. Enable it by visiting https://console.developers.google.com/apis/api/compute.googleapis.com/overview?project=1002821452473 then retry. If you enabled this API recently, wait a few minutes for the action to propagate to our systems and retry."},{"@type":"type.googleapis.com/google.rpc.Help","links":[{"description":"Google developers console API activation","url":"https://console.developers.google.com/apis/api/compute.googleapis.com/overview?project=1002821452473"}]}]}}
[debug] [2026-06-04T20:52:02.751Z] unable to look up default compute service account. Falling back to 1002821452473-compute@developer.gserviceaccount.com. Error: {"name":"FirebaseError","children":[],"context":{"body":{"error":{"code":403,"message":"Compute Engine API has not been used in project 1002821452473 before or it is disabled. Enable it by visiting https://console.developers.google.com/apis/api/compute.googleapis.com/overview?project=1002821452473 then retry. If you enabled this API recently, wait a few minutes for the action to propagate to our systems and retry.","errors":[{"message":"Compute Engine API has not been used in project 1002821452473 before or it is disabled. Enable it by visiting https://console.developers.google.com/apis/api/compute.googleapis.com/overview?project=1002821452473 then retry. If you enabled this API recently, wait a few minutes for the action to propagate to our systems and retry.","domain":"usageLimits","reason":"accessNotConfigured","extendedHelp":"https://console.developers.google.com"}],"status":"PERMISSION_DENIED","details":[{"@type":"type.googleapis.com/google.rpc.ErrorInfo","reason":"SERVICE_DISABLED","domain":"googleapis.com","metadata":{"service":"compute.googleapis.com","containerInfo":"1002821452473","consumer":"projects/1002821452473","activationUrl":"https://console.developers.google.com/apis/api/compute.googleapis.com/overview?project=1002821452473","serviceTitle":"Compute Engine API"}},{"@type":"type.googleapis.com/google.rpc.LocalizedMessage","locale":"en-US","message":"Compute Engine API has not been used in project 1002821452473 before or it is disabled. Enable it by visiting https://console.developers.google.com/apis/api/compute.googleapis.com/overview?project=1002821452473 then retry. If you enabled this API recently, wait a few minutes for the action to propagate to our systems and retry."},{"@type":"type.googleapis.com/google.rpc.Help","links":[{"description":"Google developers console API activation","url":"https://console.developers.google.com/apis/api/compute.googleapis.com/overview?project=1002821452473"}]}]}},"response":{"statusCode":403}},"exit":1,"message":"Request to https://compute.googleapis.com/compute/v1/projects/1002821452473 had HTTP Error: 403, Compute Engine API has not been used in project 1002821452473 before or it is disabled. Enable it by visiting https://console.developers.google.com/apis/api/compute.googleapis.com/overview?project=1002821452473 then retry. If you enabled this API recently, wait a few minutes for the action to propagate to our systems and retry.","status":403}
[debug] [2026-06-04T20:52:02.752Z] Checked if tokens are valid: true, expires at: 1780609906142
[debug] [2026-06-04T20:52:02.752Z] Checked if tokens are valid: true, expires at: 1780609906142
[debug] [2026-06-04T20:52:02.752Z] >>> [apiv2][query] GET https://compute.googleapis.com/compute/v1/projects/1002821452473 [none]
[debug] [2026-06-04T20:52:02.929Z] <<< [apiv2][status] GET https://compute.googleapis.com/compute/v1/projects/1002821452473 403
[debug] [2026-06-04T20:52:02.929Z] <<< [apiv2][body] GET https://compute.googleapis.com/compute/v1/projects/1002821452473 {"error":{"code":403,"message":"Compute Engine API has not been used in project 1002821452473 before or it is disabled. Enable it by visiting https://console.developers.google.com/apis/api/compute.googleapis.com/overview?project=1002821452473 then retry. If you enabled this API recently, wait a few minutes for the action to propagate to our systems and retry.","errors":[{"message":"Compute Engine API has not been used in project 1002821452473 before or it is disabled. Enable it by visiting https://console.developers.google.com/apis/api/compute.googleapis.com/overview?project=1002821452473 then retry. If you enabled this API recently, wait a few minutes for the action to propagate to our systems and retry.","domain":"usageLimits","reason":"accessNotConfigured","extendedHelp":"https://console.developers.google.com"}],"status":"PERMISSION_DENIED","details":[{"@type":"type.googleapis.com/google.rpc.ErrorInfo","reason":"SERVICE_DISABLED","domain":"googleapis.com","metadata":{"service":"compute.googleapis.com","consumer":"projects/1002821452473","activationUrl":"https://console.developers.google.com/apis/api/compute.googleapis.com/overview?project=1002821452473","containerInfo":"1002821452473","serviceTitle":"Compute Engine API"}},{"@type":"type.googleapis.com/google.rpc.LocalizedMessage","locale":"en-US","message":"Compute Engine API has not been used in project 1002821452473 before or it is disabled. Enable it by visiting https://console.developers.google.com/apis/api/compute.googleapis.com/overview?project=1002821452473 then retry. If you enabled this API recently, wait a few minutes for the action to propagate to our systems and retry."},{"@type":"type.googleapis.com/google.rpc.Help","links":[{"description":"Google developers console API activation","url":"https://console.developers.google.com/apis/api/compute.googleapis.com/overview?project=1002821452473"}]}]}}
[debug] [2026-06-04T20:52:02.929Z] unable to look up default compute service account. Falling back to 1002821452473-compute@developer.gserviceaccount.com. Error: {"name":"FirebaseError","children":[],"context":{"body":{"error":{"code":403,"message":"Compute Engine API has not been used in project 1002821452473 before or it is disabled. Enable it by visiting https://console.developers.google.com/apis/api/compute.googleapis.com/overview?project=1002821452473 then retry. If you enabled this API recently, wait a few minutes for the action to propagate to our systems and retry.","errors":[{"message":"Compute Engine API has not been used in project 1002821452473 before or it is disabled. Enable it by visiting https://console.developers.google.com/apis/api/compute.googleapis.com/overview?project=1002821452473 then retry. If you enabled this API recently, wait a few minutes for the action to propagate to our systems and retry.","domain":"usageLimits","reason":"accessNotConfigured","extendedHelp":"https://console.developers.google.com"}],"status":"PERMISSION_DENIED","details":[{"@type":"type.googleapis.com/google.rpc.ErrorInfo","reason":"SERVICE_DISABLED","domain":"googleapis.com","metadata":{"service":"compute.googleapis.com","consumer":"projects/1002821452473","activationUrl":"https://console.developers.google.com/apis/api/compute.googleapis.com/overview?project=1002821452473","containerInfo":"1002821452473","serviceTitle":"Compute Engine API"}},{"@type":"type.googleapis.com/google.rpc.LocalizedMessage","locale":"en-US","message":"Compute Engine API has not been used in project 1002821452473 before or it is disabled. Enable it by visiting https://console.developers.google.com/apis/api/compute.googleapis.com/overview?project=1002821452473 then retry. If you enabled this API recently, wait a few minutes for the action to propagate to our systems and retry."},{"@type":"type.googleapis.com/google.rpc.Help","links":[{"description":"Google developers console API activation","url":"https://console.developers.google.com/apis/api/compute.googleapis.com/overview?project=1002821452473"}]}]}},"response":{"statusCode":403}},"exit":1,"message":"Request to https://compute.googleapis.com/compute/v1/projects/1002821452473 had HTTP Error: 403, Compute Engine API has not been used in project 1002821452473 before or it is disabled. Enable it by visiting https://console.developers.google.com/apis/api/compute.googleapis.com/overview?project=1002821452473 then retry. If you enabled this API recently, wait a few minutes for the action to propagate to our systems and retry.","status":403}
[debug] [2026-06-04T20:52:02.929Z] Checked if tokens are valid: true, expires at: 1780609906142
[debug] [2026-06-04T20:52:02.929Z] Checked if tokens are valid: true, expires at: 1780609906142
[debug] [2026-06-04T20:52:02.929Z] >>> [apiv2][query] GET https://compute.googleapis.com/compute/v1/projects/1002821452473 [none]
[debug] [2026-06-04T20:52:03.112Z] <<< [apiv2][status] GET https://compute.googleapis.com/compute/v1/projects/1002821452473 403
[debug] [2026-06-04T20:52:03.112Z] <<< [apiv2][body] GET https://compute.googleapis.com/compute/v1/projects/1002821452473 {"error":{"code":403,"message":"Compute Engine API has not been used in project 1002821452473 before or it is disabled. Enable it by visiting https://console.developers.google.com/apis/api/compute.googleapis.com/overview?project=1002821452473 then retry. If you enabled this API recently, wait a few minutes for the action to propagate to our systems and retry.","errors":[{"message":"Compute Engine API has not been used in project 1002821452473 before or it is disabled. Enable it by visiting https://console.developers.google.com/apis/api/compute.googleapis.com/overview?project=1002821452473 then retry. If you enabled this API recently, wait a few minutes for the action to propagate to our systems and retry.","domain":"usageLimits","reason":"accessNotConfigured","extendedHelp":"https://console.developers.google.com"}],"status":"PERMISSION_DENIED","details":[{"@type":"type.googleapis.com/google.rpc.ErrorInfo","reason":"SERVICE_DISABLED","domain":"googleapis.com","metadata":{"consumer":"projects/1002821452473","containerInfo":"1002821452473","activationUrl":"https://console.developers.google.com/apis/api/compute.googleapis.com/overview?project=1002821452473","service":"compute.googleapis.com","serviceTitle":"Compute Engine API"}},{"@type":"type.googleapis.com/google.rpc.LocalizedMessage","locale":"en-US","message":"Compute Engine API has not been used in project 1002821452473 before or it is disabled. Enable it by visiting https://console.developers.google.com/apis/api/compute.googleapis.com/overview?project=1002821452473 then retry. If you enabled this API recently, wait a few minutes for the action to propagate to our systems and retry."},{"@type":"type.googleapis.com/google.rpc.Help","links":[{"description":"Google developers console API activation","url":"https://console.developers.google.com/apis/api/compute.googleapis.com/overview?project=1002821452473"}]}]}}
[debug] [2026-06-04T20:52:03.113Z] unable to look up default compute service account. Falling back to 1002821452473-compute@developer.gserviceaccount.com. Error: {"name":"FirebaseError","children":[],"context":{"body":{"error":{"code":403,"message":"Compute Engine API has not been used in project 1002821452473 before or it is disabled. Enable it by visiting https://console.developers.google.com/apis/api/compute.googleapis.com/overview?project=1002821452473 then retry. If you enabled this API recently, wait a few minutes for the action to propagate to our systems and retry.","errors":[{"message":"Compute Engine API has not been used in project 1002821452473 before or it is disabled. Enable it by visiting https://console.developers.google.com/apis/api/compute.googleapis.com/overview?project=1002821452473 then retry. If you enabled this API recently, wait a few minutes for the action to propagate to our systems and retry.","domain":"usageLimits","reason":"accessNotConfigured","extendedHelp":"https://console.developers.google.com"}],"status":"PERMISSION_DENIED","details":[{"@type":"type.googleapis.com/google.rpc.ErrorInfo","reason":"SERVICE_DISABLED","domain":"googleapis.com","metadata":{"consumer":"projects/1002821452473","containerInfo":"1002821452473","activationUrl":"https://console.developers.google.com/apis/api/compute.googleapis.com/overview?project=1002821452473","service":"compute.googleapis.com","serviceTitle":"Compute Engine API"}},{"@type":"type.googleapis.com/google.rpc.LocalizedMessage","locale":"en-US","message":"Compute Engine API has not been used in project 1002821452473 before or it is disabled. Enable it by visiting https://console.developers.google.com/apis/api/compute.googleapis.com/overview?project=1002821452473 then retry. If you enabled this API recently, wait a few minutes for the action to propagate to our systems and retry."},{"@type":"type.googleapis.com/google.rpc.Help","links":[{"description":"Google developers console API activation","url":"https://console.developers.google.com/apis/api/compute.googleapis.com/overview?project=1002821452473"}]}]}},"response":{"statusCode":403}},"exit":1,"message":"Request to https://compute.googleapis.com/compute/v1/projects/1002821452473 had HTTP Error: 403, Compute Engine API has not been used in project 1002821452473 before or it is disabled. Enable it by visiting https://console.developers.google.com/apis/api/compute.googleapis.com/overview?project=1002821452473 then retry. If you enabled this API recently, wait a few minutes for the action to propagate to our systems and retry.","status":403}
[debug] [2026-06-04T20:52:03.113Z] Checked if tokens are valid: true, expires at: 1780609906142
[debug] [2026-06-04T20:52:03.114Z] Checked if tokens are valid: true, expires at: 1780609906142
[debug] [2026-06-04T20:52:03.114Z] >>> [apiv2][query] GET https://cloudbilling.googleapis.com/v1/projects/half-awake-eyes/billingInfo [none]
[debug] [2026-06-04T20:52:03.464Z] <<< [apiv2][status] GET https://cloudbilling.googleapis.com/v1/projects/half-awake-eyes/billingInfo 200
[debug] [2026-06-04T20:52:03.465Z] <<< [apiv2][body] GET https://cloudbilling.googleapis.com/v1/projects/half-awake-eyes/billingInfo {"name":"projects/half-awake-eyes/billingInfo","projectId":"half-awake-eyes","billingAccountName":"billingAccounts/016A6D-933990-2111E5","billingEnabled":true}
[debug] [2026-06-04T20:52:03.466Z] Checked if tokens are valid: true, expires at: 1780609906142
[debug] [2026-06-04T20:52:03.466Z] Checked if tokens are valid: true, expires at: 1780609906142
[debug] [2026-06-04T20:52:03.466Z] >>> [apiv2][query] POST https://cloudfunctions.googleapis.com/v2/projects/half-awake-eyes/locations/us-central1/functions:generateUploadUrl [none]
[debug] [2026-06-04T20:52:03.733Z] <<< [apiv2][status] POST https://cloudfunctions.googleapis.com/v2/projects/half-awake-eyes/locations/us-central1/functions:generateUploadUrl 200
[debug] [2026-06-04T20:52:03.733Z] <<< [apiv2][body] POST https://cloudfunctions.googleapis.com/v2/projects/half-awake-eyes/locations/us-central1/functions:generateUploadUrl {"uploadUrl":"https://storage.googleapis.com/gcf-v2-uploads-1002821452473.us-central1.cloudfunctions.appspot.com/ba05d2de-e99d-4a36-a147-a13e80552c22.zip?GoogleAccessId=service-1002821452473@gcf-admin-robot.iam.gserviceaccount.com&Expires=1780608124&Signature=EB1OavvAwpLu3DFJYDwJXDUNupfV0jthPQ3e9w2u2p1bG5IJ6gRrDG%2FvJXJNbzdyhfFPxx1LSNba%2F2oND96CfyYsvk36PqxJRcGHQab0mlau14UkEDbinACg2K16Vq9x1Xoz%2FEceRPzxuBSL7DDx0Pl45fhQEuPArkpqGRknsM5eptZRbLFHPMNvr0y8rclVIhFz9BKuLm6KDzJdwjec6ciXmCphGNMhQzzTh%2FLMepMYh4Z89mF06W1y7CCZGAwutCzi0SkKlmizyS8iXRci5o1pXKqU%2FaKyHdQ6ivDxxYOaoXaYs5YUprmeZnH8xyIuDY2StHdDFNCqVA3WW1LfcA%3D%3D","storageSource":{"bucket":"gcf-v2-uploads-1002821452473.us-central1.cloudfunctions.appspot.com","object":"ba05d2de-e99d-4a36-a147-a13e80552c22.zip"}}
[debug] [2026-06-04T20:52:03.734Z] >>> [apiv2][query] PUT https://storage.googleapis.com/gcf-v2-uploads-1002821452473.us-central1.cloudfunctions.appspot.com/ba05d2de-e99d-4a36-a147-a13e80552c22.zip GoogleAccessId=service-1002821452473%40gcf-admin-robot.iam.gserviceaccount.com&Expires=1780608124&Signature=EB1OavvAwpLu3DFJYDwJXDUNupfV0jthPQ3e9w2u2p1bG5IJ6gRrDG%2FvJXJNbzdyhfFPxx1LSNba%2F2oND96CfyYsvk36PqxJRcGHQab0mlau14UkEDbinACg2K16Vq9x1Xoz%2FEceRPzxuBSL7DDx0Pl45fhQEuPArkpqGRknsM5eptZRbLFHPMNvr0y8rclVIhFz9BKuLm6KDzJdwjec6ciXmCphGNMhQzzTh%2FLMepMYh4Z89mF06W1y7CCZGAwutCzi0SkKlmizyS8iXRci5o1pXKqU%2FaKyHdQ6ivDxxYOaoXaYs5YUprmeZnH8xyIuDY2StHdDFNCqVA3WW1LfcA%3D%3D
[debug] [2026-06-04T20:52:03.734Z] >>> [apiv2][body] PUT https://storage.googleapis.com/gcf-v2-uploads-1002821452473.us-central1.cloudfunctions.appspot.com/ba05d2de-e99d-4a36-a147-a13e80552c22.zip [stream]
[debug] [2026-06-04T20:52:04.037Z] <<< [apiv2][status] PUT https://storage.googleapis.com/gcf-v2-uploads-1002821452473.us-central1.cloudfunctions.appspot.com/ba05d2de-e99d-4a36-a147-a13e80552c22.zip 200
[debug] [2026-06-04T20:52:04.037Z] <<< [apiv2][body] PUT https://storage.googleapis.com/gcf-v2-uploads-1002821452473.us-central1.cloudfunctions.appspot.com/ba05d2de-e99d-4a36-a147-a13e80552c22.zip [omitted]
[info] +  functions: functions source uploaded successfully 
[info] i  functions: creating Node.js 20 (2nd Gen) function trashEmailMessage(us-central1)... 
[info] i  functions: updating Node.js 20 (2nd Gen) function listInboxMessages(us-central1)... 
[info] i  functions: updating Node.js 20 (2nd Gen) function getEmailMessage(us-central1)... 
[info] i  functions: updating Node.js 20 (2nd Gen) function sendAdminEmail(us-central1)... 
[debug] [2026-06-04T20:52:04.042Z] Checked if tokens are valid: true, expires at: 1780609906142
[debug] [2026-06-04T20:52:04.042Z] Checked if tokens are valid: true, expires at: 1780609906142
[debug] [2026-06-04T20:52:04.042Z] >>> [apiv2][query] POST https://cloudfunctions.googleapis.com/v2/projects/half-awake-eyes/locations/us-central1/functions functionId=trashEmailMessage
[debug] [2026-06-04T20:52:04.042Z] >>> [apiv2][body] POST https://cloudfunctions.googleapis.com/v2/projects/half-awake-eyes/locations/us-central1/functions {"name":"projects/half-awake-eyes/locations/us-central1/functions/trashEmailMessage","buildConfig":{"runtime":"nodejs20","entryPoint":"trashEmailMessage","source":{"storageSource":{"bucket":"gcf-v2-uploads-1002821452473.us-central1.cloudfunctions.appspot.com","object":"ba05d2de-e99d-4a36-a147-a13e80552c22.zip"}},"environmentVariables":{"GOOGLE_NODE_RUN_SCRIPTS":""}},"serviceConfig":{"environmentVariables":{"FIREBASE_CONFIG":"{\"projectId\":\"half-awake-eyes\",\"storageBucket\":\"half-awake-eyes.firebasestorage.app\"}","GCLOUD_PROJECT":"half-awake-eyes","EVENTARC_CLOUD_EVENT_SOURCE":"projects/half-awake-eyes/locations/us-central1/services/trashEmailMessage","FUNCTION_TARGET":"trashEmailMessage","LOG_EXECUTION_ID":"true"},"secretEnvironmentVariables":[{"key":"IONOS_EMAIL","secret":"IONOS_EMAIL","projectId":"half-awake-eyes","version":"5"},{"key":"IONOS_PASSWORD","secret":"IONOS_PASSWORD","projectId":"half-awake-eyes","version":"4"}],"ingressSettings":null,"timeoutSeconds":60,"serviceAccountEmail":null,"availableMemory":"256Mi","minInstanceCount":null,"maxInstanceCount":2,"maxInstanceRequestConcurrency":80,"availableCpu":"1","vpcConnector":null,"vpcConnectorEgressSettings":null,"directVpcNetworkInterface":null,"directVpcEgress":null},"labels":{"deployment-tool":"cli-firebase","deployment-callable":"true","firebase-functions-hash":"9049220809fcc689e07b78257906dac543117edc"}}
[debug] [2026-06-04T20:52:04.717Z] <<< [apiv2][status] POST https://cloudfunctions.googleapis.com/v2/projects/half-awake-eyes/locations/us-central1/functions 200
[debug] [2026-06-04T20:52:04.717Z] <<< [apiv2][body] POST https://cloudfunctions.googleapis.com/v2/projects/half-awake-eyes/locations/us-central1/functions {"name":"projects/half-awake-eyes/locations/us-central1/operations/operation-1780606324575-65373b7760b7f-bde61b16-7198369c","metadata":{"@type":"type.googleapis.com/google.cloud.functions.v2.OperationMetadata","createTime":"2026-06-04T20:52:05.058642117Z","target":"projects/half-awake-eyes/locations/us-central1/functions/trashEmailMessage","verb":"create","cancelRequested":false,"apiVersion":"v2"},"done":false}
[debug] [2026-06-04T20:52:04.717Z] Checked if tokens are valid: true, expires at: 1780609906142
[debug] [2026-06-04T20:52:04.717Z] Checked if tokens are valid: true, expires at: 1780609906142
[debug] [2026-06-04T20:52:04.718Z] >>> [apiv2][query] GET https://cloudfunctions.googleapis.com/v2/projects/half-awake-eyes/locations/us-central1/operations/operation-1780606324575-65373b7760b7f-bde61b16-7198369c [none]
[debug] [2026-06-04T20:52:05.418Z] <<< [apiv2][status] GET https://cloudfunctions.googleapis.com/v2/projects/half-awake-eyes/locations/us-central1/operations/operation-1780606324575-65373b7760b7f-bde61b16-7198369c 200
[debug] [2026-06-04T20:52:05.418Z] <<< [apiv2][body] GET https://cloudfunctions.googleapis.com/v2/projects/half-awake-eyes/locations/us-central1/operations/operation-1780606324575-65373b7760b7f-bde61b16-7198369c {"name":"projects/half-awake-eyes/locations/us-central1/operations/operation-1780606324575-65373b7760b7f-bde61b16-7198369c","metadata":{"@type":"type.googleapis.com/google.cloud.functions.v2.OperationMetadata","createTime":"2026-06-04T20:52:05.058642117Z","target":"projects/half-awake-eyes/locations/us-central1/functions/trashEmailMessage","verb":"create","cancelRequested":false,"apiVersion":"v2","requestResource":{"@type":"type.googleapis.com/google.cloud.functions.v2.Function","name":"projects/half-awake-eyes/locations/us-central1/functions/trashEmailMessage","buildConfig":{"runtime":"nodejs20","entryPoint":"trashEmailMessage","source":{"storageSource":{"bucket":"gcf-v2-sources-1002821452473-us-central1","object":"trashEmailMessage/function-source.zip","generation":"1780606324840882"}},"environmentVariables":{"GOOGLE_NODE_RUN_SCRIPTS":""},"serviceAccount":"projects/half-awake-eyes/serviceAccounts/1002821452473-compute@developer.gserviceaccount.com","automaticUpdatePolicy":{}},"serviceConfig":{"service":"projects/half-awake-eyes/locations/us-central1/services/trashemailmessage","timeoutSeconds":60,"environmentVariables":{"FIREBASE_CONFIG":"{\"projectId\":\"half-awake-eyes\",\"storageBucket\":\"half-awake-eyes.firebasestorage.app\"}","GCLOUD_PROJECT":"half-awake-eyes","EVENTARC_CLOUD_EVENT_SOURCE":"projects/half-awake-eyes/locations/us-central1/services/trashEmailMessage","FUNCTION_TARGET":"trashEmailMessage","LOG_EXECUTION_ID":"true"},"maxInstanceCount":2,"ingressSettings":"ALLOW_ALL","serviceAccountEmail":"1002821452473-compute@developer.gserviceaccount.com","availableMemory":"256Mi","secretEnvironmentVariables":[{"key":"IONOS_EMAIL","projectId":"half-awake-eyes","secret":"IONOS_EMAIL","version":"5"},{"key":"IONOS_PASSWORD","projectId":"half-awake-eyes","secret":"IONOS_PASSWORD","version":"4"}],"maxInstanceRequestConcurrency":80,"availableCpu":"1"},"labels":{"deployment-tool":"cli-firebase","deployment-callable":"true","firebase-functions-hash":"9049220809fcc689e07b78257906dac543117edc"},"environment":"GEN_2"},"stages":[{"name":"BUILD","state":"NOT_STARTED","stateMessages":[{"severity":"WARNING","type":"BuildAnalysisWarning","message":"Node.js 20 is no longer supported by the Node.js community as of 30 April, 2026. Runtime nodejs20 is currently deprecated for Cloud Functions. We recommend you to upgrade to the latest version of Node.js as soon as possible."}]},{"name":"SERVICE","state":"NOT_STARTED"}],"operationType":"CREATE_FUNCTION"},"done":false}
[debug] [2026-06-04T20:52:05.926Z] [create-default-us-central1-trashEmailMessage] Retrying task index 0
[debug] [2026-06-04T20:52:05.926Z] Checked if tokens are valid: true, expires at: 1780609906142
[debug] [2026-06-04T20:52:05.926Z] Checked if tokens are valid: true, expires at: 1780609906142
[debug] [2026-06-04T20:52:05.926Z] >>> [apiv2][query] GET https://cloudfunctions.googleapis.com/v2/projects/half-awake-eyes/locations/us-central1/operations/operation-1780606324575-65373b7760b7f-bde61b16-7198369c [none]
[debug] [2026-06-04T20:52:06.104Z] <<< [apiv2][status] GET https://cloudfunctions.googleapis.com/v2/projects/half-awake-eyes/locations/us-central1/operations/operation-1780606324575-65373b7760b7f-bde61b16-7198369c 200
[debug] [2026-06-04T20:52:06.104Z] <<< [apiv2][body] GET https://cloudfunctions.googleapis.com/v2/projects/half-awake-eyes/locations/us-central1/operations/operation-1780606324575-65373b7760b7f-bde61b16-7198369c {"name":"projects/half-awake-eyes/locations/us-central1/operations/operation-1780606324575-65373b7760b7f-bde61b16-7198369c","metadata":{"@type":"type.googleapis.com/google.cloud.functions.v2.OperationMetadata","createTime":"2026-06-04T20:52:05.058642117Z","target":"projects/half-awake-eyes/locations/us-central1/functions/trashEmailMessage","verb":"create","cancelRequested":false,"apiVersion":"v2","requestResource":{"@type":"type.googleapis.com/google.cloud.functions.v2.Function","name":"projects/half-awake-eyes/locations/us-central1/functions/trashEmailMessage","buildConfig":{"runtime":"nodejs20","entryPoint":"trashEmailMessage","source":{"storageSource":{"bucket":"gcf-v2-sources-1002821452473-us-central1","object":"trashEmailMessage/function-source.zip","generation":"1780606324840882"}},"environmentVariables":{"GOOGLE_NODE_RUN_SCRIPTS":""},"serviceAccount":"projects/half-awake-eyes/serviceAccounts/1002821452473-compute@developer.gserviceaccount.com","automaticUpdatePolicy":{}},"serviceConfig":{"service":"projects/half-awake-eyes/locations/us-central1/services/trashemailmessage","timeoutSeconds":60,"environmentVariables":{"FIREBASE_CONFIG":"{\"projectId\":\"half-awake-eyes\",\"storageBucket\":\"half-awake-eyes.firebasestorage.app\"}","GCLOUD_PROJECT":"half-awake-eyes","EVENTARC_CLOUD_EVENT_SOURCE":"projects/half-awake-eyes/locations/us-central1/services/trashEmailMessage","FUNCTION_TARGET":"trashEmailMessage","LOG_EXECUTION_ID":"true"},"maxInstanceCount":2,"ingressSettings":"ALLOW_ALL","serviceAccountEmail":"1002821452473-compute@developer.gserviceaccount.com","availableMemory":"256Mi","secretEnvironmentVariables":[{"key":"IONOS_EMAIL","projectId":"half-awake-eyes","secret":"IONOS_EMAIL","version":"5"},{"key":"IONOS_PASSWORD","projectId":"half-awake-eyes","secret":"IONOS_PASSWORD","version":"4"}],"maxInstanceRequestConcurrency":80,"availableCpu":"1"},"labels":{"deployment-tool":"cli-firebase","deployment-callable":"true","firebase-functions-hash":"9049220809fcc689e07b78257906dac543117edc"},"environment":"GEN_2"},"stages":[{"name":"BUILD","message":"Build in progress","state":"IN_PROGRESS","resource":"projects/1002821452473/locations/us-central1/builds/0c624f0e-1939-4b2a-bd9d-2abd04725a40","resourceUri":"https://console.cloud.google.com/cloud-build/builds;region=us-central1/0c624f0e-1939-4b2a-bd9d-2abd04725a40?project=1002821452473"},{"name":"SERVICE","state":"NOT_STARTED"}],"operationType":"CREATE_FUNCTION","buildName":"projects/1002821452473/locations/us-central1/builds/0c624f0e-1939-4b2a-bd9d-2abd04725a40"},"done":false}
[debug] [2026-06-04T20:52:07.107Z] [create-default-us-central1-trashEmailMessage] Retrying task index 0
[debug] [2026-06-04T20:52:07.108Z] Checked if tokens are valid: true, expires at: 1780609906142
[debug] [2026-06-04T20:52:07.108Z] Checked if tokens are valid: true, expires at: 1780609906142
[debug] [2026-06-04T20:52:07.108Z] >>> [apiv2][query] GET https://cloudfunctions.googleapis.com/v2/projects/half-awake-eyes/locations/us-central1/operations/operation-1780606324575-65373b7760b7f-bde61b16-7198369c [none]
[debug] [2026-06-04T20:52:07.286Z] <<< [apiv2][status] GET https://cloudfunctions.googleapis.com/v2/projects/half-awake-eyes/locations/us-central1/operations/operation-1780606324575-65373b7760b7f-bde61b16-7198369c 200
[debug] [2026-06-04T20:52:07.286Z] <<< [apiv2][body] GET https://cloudfunctions.googleapis.com/v2/projects/half-awake-eyes/locations/us-central1/operations/operation-1780606324575-65373b7760b7f-bde61b16-7198369c {"name":"projects/half-awake-eyes/locations/us-central1/operations/operation-1780606324575-65373b7760b7f-bde61b16-7198369c","metadata":{"@type":"type.googleapis.com/google.cloud.functions.v2.OperationMetadata","createTime":"2026-06-04T20:52:05.058642117Z","target":"projects/half-awake-eyes/locations/us-central1/functions/trashEmailMessage","verb":"create","cancelRequested":false,"apiVersion":"v2","requestResource":{"@type":"type.googleapis.com/google.cloud.functions.v2.Function","name":"projects/half-awake-eyes/locations/us-central1/functions/trashEmailMessage","buildConfig":{"runtime":"nodejs20","entryPoint":"trashEmailMessage","source":{"storageSource":{"bucket":"gcf-v2-sources-1002821452473-us-central1","object":"trashEmailMessage/function-source.zip","generation":"1780606324840882"}},"environmentVariables":{"GOOGLE_NODE_RUN_SCRIPTS":""},"serviceAccount":"projects/half-awake-eyes/serviceAccounts/1002821452473-compute@developer.gserviceaccount.com","automaticUpdatePolicy":{}},"serviceConfig":{"service":"projects/half-awake-eyes/locations/us-central1/services/trashemailmessage","timeoutSeconds":60,"environmentVariables":{"FIREBASE_CONFIG":"{\"projectId\":\"half-awake-eyes\",\"storageBucket\":\"half-awake-eyes.firebasestorage.app\"}","GCLOUD_PROJECT":"half-awake-eyes","EVENTARC_CLOUD_EVENT_SOURCE":"projects/half-awake-eyes/locations/us-central1/services/trashEmailMessage","FUNCTION_TARGET":"trashEmailMessage","LOG_EXECUTION_ID":"true"},"maxInstanceCount":2,"ingressSettings":"ALLOW_ALL","serviceAccountEmail":"1002821452473-compute@developer.gserviceaccount.com","availableMemory":"256Mi","secretEnvironmentVariables":[{"key":"IONOS_EMAIL","projectId":"half-awake-eyes","secret":"IONOS_EMAIL","version":"5"},{"key":"IONOS_PASSWORD","projectId":"half-awake-eyes","secret":"IONOS_PASSWORD","version":"4"}],"maxInstanceRequestConcurrency":80,"availableCpu":"1"},"labels":{"deployment-tool":"cli-firebase","deployment-callable":"true","firebase-functions-hash":"9049220809fcc689e07b78257906dac543117edc"},"environment":"GEN_2"},"stages":[{"name":"BUILD","message":"Build in progress","state":"IN_PROGRESS","resource":"projects/1002821452473/locations/us-central1/builds/0c624f0e-1939-4b2a-bd9d-2abd04725a40","resourceUri":"https://console.cloud.google.com/cloud-build/builds;region=us-central1/0c624f0e-1939-4b2a-bd9d-2abd04725a40?project=1002821452473"},{"name":"SERVICE","state":"NOT_STARTED"}],"operationType":"CREATE_FUNCTION","buildName":"projects/1002821452473/locations/us-central1/builds/0c624f0e-1939-4b2a-bd9d-2abd04725a40"},"done":false}
[debug] [2026-06-04T20:52:09.301Z] [create-default-us-central1-trashEmailMessage] Retrying task index 0
[debug] [2026-06-04T20:52:09.301Z] Checked if tokens are valid: true, expires at: 1780609906142
[debug] [2026-06-04T20:52:09.301Z] Checked if tokens are valid: true, expires at: 1780609906142
[debug] [2026-06-04T20:52:09.302Z] >>> [apiv2][query] GET https://cloudfunctions.googleapis.com/v2/projects/half-awake-eyes/locations/us-central1/operations/operation-1780606324575-65373b7760b7f-bde61b16-7198369c [none]
[debug] [2026-06-04T20:52:09.472Z] <<< [apiv2][status] GET https://cloudfunctions.googleapis.com/v2/projects/half-awake-eyes/locations/us-central1/operations/operation-1780606324575-65373b7760b7f-bde61b16-7198369c 200
[debug] [2026-06-04T20:52:09.472Z] <<< [apiv2][body] GET https://cloudfunctions.googleapis.com/v2/projects/half-awake-eyes/locations/us-central1/operations/operation-1780606324575-65373b7760b7f-bde61b16-7198369c {"name":"projects/half-awake-eyes/locations/us-central1/operations/operation-1780606324575-65373b7760b7f-bde61b16-7198369c","metadata":{"@type":"type.googleapis.com/google.cloud.functions.v2.OperationMetadata","createTime":"2026-06-04T20:52:05.058642117Z","target":"projects/half-awake-eyes/locations/us-central1/functions/trashEmailMessage","verb":"create","cancelRequested":false,"apiVersion":"v2","requestResource":{"@type":"type.googleapis.com/google.cloud.functions.v2.Function","name":"projects/half-awake-eyes/locations/us-central1/functions/trashEmailMessage","buildConfig":{"runtime":"nodejs20","entryPoint":"trashEmailMessage","source":{"storageSource":{"bucket":"gcf-v2-sources-1002821452473-us-central1","object":"trashEmailMessage/function-source.zip","generation":"1780606324840882"}},"environmentVariables":{"GOOGLE_NODE_RUN_SCRIPTS":""},"serviceAccount":"projects/half-awake-eyes/serviceAccounts/1002821452473-compute@developer.gserviceaccount.com","automaticUpdatePolicy":{}},"serviceConfig":{"service":"projects/half-awake-eyes/locations/us-central1/services/trashemailmessage","timeoutSeconds":60,"environmentVariables":{"FIREBASE_CONFIG":"{\"projectId\":\"half-awake-eyes\",\"storageBucket\":\"half-awake-eyes.firebasestorage.app\"}","GCLOUD_PROJECT":"half-awake-eyes","EVENTARC_CLOUD_EVENT_SOURCE":"projects/half-awake-eyes/locations/us-central1/services/trashEmailMessage","FUNCTION_TARGET":"trashEmailMessage","LOG_EXECUTION_ID":"true"},"maxInstanceCount":2,"ingressSettings":"ALLOW_ALL","serviceAccountEmail":"1002821452473-compute@developer.gserviceaccount.com","availableMemory":"256Mi","secretEnvironmentVariables":[{"key":"IONOS_EMAIL","projectId":"half-awake-eyes","secret":"IONOS_EMAIL","version":"5"},{"key":"IONOS_PASSWORD","projectId":"half-awake-eyes","secret":"IONOS_PASSWORD","version":"4"}],"maxInstanceRequestConcurrency":80,"availableCpu":"1"},"labels":{"deployment-tool":"cli-firebase","deployment-callable":"true","firebase-functions-hash":"9049220809fcc689e07b78257906dac543117edc"},"environment":"GEN_2"},"stages":[{"name":"BUILD","message":"Build in progress","state":"IN_PROGRESS","resource":"projects/1002821452473/locations/us-central1/builds/0c624f0e-1939-4b2a-bd9d-2abd04725a40","resourceUri":"https://console.cloud.google.com/cloud-build/builds;region=us-central1/0c624f0e-1939-4b2a-bd9d-2abd04725a40?project=1002821452473"},{"name":"SERVICE","state":"NOT_STARTED"}],"operationType":"CREATE_FUNCTION","buildName":"projects/1002821452473/locations/us-central1/builds/0c624f0e-1939-4b2a-bd9d-2abd04725a40"},"done":false}
[debug] [2026-06-04T20:52:13.487Z] [create-default-us-central1-trashEmailMessage] Retrying task index 0
[debug] [2026-06-04T20:52:13.487Z] Checked if tokens are valid: true, expires at: 1780609906142
[debug] [2026-06-04T20:52:13.488Z] Checked if tokens are valid: true, expires at: 1780609906142
[debug] [2026-06-04T20:52:13.488Z] >>> [apiv2][query] GET https://cloudfunctions.googleapis.com/v2/projects/half-awake-eyes/locations/us-central1/operations/operation-1780606324575-65373b7760b7f-bde61b16-7198369c [none]
[debug] [2026-06-04T20:52:14.209Z] <<< [apiv2][status] GET https://cloudfunctions.googleapis.com/v2/projects/half-awake-eyes/locations/us-central1/operations/operation-1780606324575-65373b7760b7f-bde61b16-7198369c 200
[debug] [2026-06-04T20:52:14.209Z] <<< [apiv2][body] GET https://cloudfunctions.googleapis.com/v2/projects/half-awake-eyes/locations/us-central1/operations/operation-1780606324575-65373b7760b7f-bde61b16-7198369c {"name":"projects/half-awake-eyes/locations/us-central1/operations/operation-1780606324575-65373b7760b7f-bde61b16-7198369c","metadata":{"@type":"type.googleapis.com/google.cloud.functions.v2.OperationMetadata","createTime":"2026-06-04T20:52:05.058642117Z","target":"projects/half-awake-eyes/locations/us-central1/functions/trashEmailMessage","verb":"create","cancelRequested":false,"apiVersion":"v2","requestResource":{"@type":"type.googleapis.com/google.cloud.functions.v2.Function","name":"projects/half-awake-eyes/locations/us-central1/functions/trashEmailMessage","buildConfig":{"runtime":"nodejs20","entryPoint":"trashEmailMessage","source":{"storageSource":{"bucket":"gcf-v2-sources-1002821452473-us-central1","object":"trashEmailMessage/function-source.zip","generation":"1780606324840882"}},"environmentVariables":{"GOOGLE_NODE_RUN_SCRIPTS":""},"serviceAccount":"projects/half-awake-eyes/serviceAccounts/1002821452473-compute@developer.gserviceaccount.com","automaticUpdatePolicy":{}},"serviceConfig":{"service":"projects/half-awake-eyes/locations/us-central1/services/trashemailmessage","timeoutSeconds":60,"environmentVariables":{"FIREBASE_CONFIG":"{\"projectId\":\"half-awake-eyes\",\"storageBucket\":\"half-awake-eyes.firebasestorage.app\"}","GCLOUD_PROJECT":"half-awake-eyes","EVENTARC_CLOUD_EVENT_SOURCE":"projects/half-awake-eyes/locations/us-central1/services/trashEmailMessage","FUNCTION_TARGET":"trashEmailMessage","LOG_EXECUTION_ID":"true"},"maxInstanceCount":2,"ingressSettings":"ALLOW_ALL","serviceAccountEmail":"1002821452473-compute@developer.gserviceaccount.com","availableMemory":"256Mi","secretEnvironmentVariables":[{"key":"IONOS_EMAIL","projectId":"half-awake-eyes","secret":"IONOS_EMAIL","version":"5"},{"key":"IONOS_PASSWORD","projectId":"half-awake-eyes","secret":"IONOS_PASSWORD","version":"4"}],"maxInstanceRequestConcurrency":80,"availableCpu":"1"},"labels":{"deployment-tool":"cli-firebase","deployment-callable":"true","firebase-functions-hash":"9049220809fcc689e07b78257906dac543117edc"},"environment":"GEN_2"},"stages":[{"name":"BUILD","message":"Build in progress","state":"IN_PROGRESS","resource":"projects/1002821452473/locations/us-central1/builds/0c624f0e-1939-4b2a-bd9d-2abd04725a40","resourceUri":"https://console.cloud.google.com/cloud-build/builds;region=us-central1/0c624f0e-1939-4b2a-bd9d-2abd04725a40?project=1002821452473"},{"name":"SERVICE","state":"NOT_STARTED"}],"operationType":"CREATE_FUNCTION","buildName":"projects/1002821452473/locations/us-central1/builds/0c624f0e-1939-4b2a-bd9d-2abd04725a40"},"done":false}
[debug] [2026-06-04T20:52:22.220Z] [create-default-us-central1-trashEmailMessage] Retrying task index 0
[debug] [2026-06-04T20:52:22.221Z] Checked if tokens are valid: true, expires at: 1780609906142
[debug] [2026-06-04T20:52:22.221Z] Checked if tokens are valid: true, expires at: 1780609906142
[debug] [2026-06-04T20:52:22.221Z] >>> [apiv2][query] GET https://cloudfunctions.googleapis.com/v2/projects/half-awake-eyes/locations/us-central1/operations/operation-1780606324575-65373b7760b7f-bde61b16-7198369c [none]
[debug] [2026-06-04T20:52:22.434Z] <<< [apiv2][status] GET https://cloudfunctions.googleapis.com/v2/projects/half-awake-eyes/locations/us-central1/operations/operation-1780606324575-65373b7760b7f-bde61b16-7198369c 200
[debug] [2026-06-04T20:52:22.434Z] <<< [apiv2][body] GET https://cloudfunctions.googleapis.com/v2/projects/half-awake-eyes/locations/us-central1/operations/operation-1780606324575-65373b7760b7f-bde61b16-7198369c {"name":"projects/half-awake-eyes/locations/us-central1/operations/operation-1780606324575-65373b7760b7f-bde61b16-7198369c","metadata":{"@type":"type.googleapis.com/google.cloud.functions.v2.OperationMetadata","createTime":"2026-06-04T20:52:05.058642117Z","target":"projects/half-awake-eyes/locations/us-central1/functions/trashEmailMessage","verb":"create","cancelRequested":false,"apiVersion":"v2","requestResource":{"@type":"type.googleapis.com/google.cloud.functions.v2.Function","name":"projects/half-awake-eyes/locations/us-central1/functions/trashEmailMessage","buildConfig":{"runtime":"nodejs20","entryPoint":"trashEmailMessage","source":{"storageSource":{"bucket":"gcf-v2-sources-1002821452473-us-central1","object":"trashEmailMessage/function-source.zip","generation":"1780606324840882"}},"environmentVariables":{"GOOGLE_NODE_RUN_SCRIPTS":""},"serviceAccount":"projects/half-awake-eyes/serviceAccounts/1002821452473-compute@developer.gserviceaccount.com","automaticUpdatePolicy":{}},"serviceConfig":{"service":"projects/half-awake-eyes/locations/us-central1/services/trashemailmessage","timeoutSeconds":60,"environmentVariables":{"FIREBASE_CONFIG":"{\"projectId\":\"half-awake-eyes\",\"storageBucket\":\"half-awake-eyes.firebasestorage.app\"}","GCLOUD_PROJECT":"half-awake-eyes","EVENTARC_CLOUD_EVENT_SOURCE":"projects/half-awake-eyes/locations/us-central1/services/trashEmailMessage","FUNCTION_TARGET":"trashEmailMessage","LOG_EXECUTION_ID":"true"},"maxInstanceCount":2,"ingressSettings":"ALLOW_ALL","serviceAccountEmail":"1002821452473-compute@developer.gserviceaccount.com","availableMemory":"256Mi","secretEnvironmentVariables":[{"key":"IONOS_EMAIL","projectId":"half-awake-eyes","secret":"IONOS_EMAIL","version":"5"},{"key":"IONOS_PASSWORD","projectId":"half-awake-eyes","secret":"IONOS_PASSWORD","version":"4"}],"maxInstanceRequestConcurrency":80,"availableCpu":"1"},"labels":{"deployment-tool":"cli-firebase","deployment-callable":"true","firebase-functions-hash":"9049220809fcc689e07b78257906dac543117edc"},"environment":"GEN_2"},"stages":[{"name":"BUILD","message":"Build in progress","state":"IN_PROGRESS","resource":"projects/1002821452473/locations/us-central1/builds/0c624f0e-1939-4b2a-bd9d-2abd04725a40","resourceUri":"https://console.cloud.google.com/cloud-build/builds;region=us-central1/0c624f0e-1939-4b2a-bd9d-2abd04725a40?project=1002821452473"},{"name":"SERVICE","state":"NOT_STARTED"}],"operationType":"CREATE_FUNCTION","buildName":"projects/1002821452473/locations/us-central1/builds/0c624f0e-1939-4b2a-bd9d-2abd04725a40"},"done":false}
[debug] [2026-06-04T20:52:32.448Z] [create-default-us-central1-trashEmailMessage] Retrying task index 0
[debug] [2026-06-04T20:52:32.448Z] Checked if tokens are valid: true, expires at: 1780609906142
[debug] [2026-06-04T20:52:32.448Z] Checked if tokens are valid: true, expires at: 1780609906142
[debug] [2026-06-04T20:52:32.448Z] >>> [apiv2][query] GET https://cloudfunctions.googleapis.com/v2/projects/half-awake-eyes/locations/us-central1/operations/operation-1780606324575-65373b7760b7f-bde61b16-7198369c [none]
[debug] [2026-06-04T20:52:33.184Z] <<< [apiv2][status] GET https://cloudfunctions.googleapis.com/v2/projects/half-awake-eyes/locations/us-central1/operations/operation-1780606324575-65373b7760b7f-bde61b16-7198369c 200
[debug] [2026-06-04T20:52:33.184Z] <<< [apiv2][body] GET https://cloudfunctions.googleapis.com/v2/projects/half-awake-eyes/locations/us-central1/operations/operation-1780606324575-65373b7760b7f-bde61b16-7198369c {"name":"projects/half-awake-eyes/locations/us-central1/operations/operation-1780606324575-65373b7760b7f-bde61b16-7198369c","metadata":{"@type":"type.googleapis.com/google.cloud.functions.v2.OperationMetadata","createTime":"2026-06-04T20:52:05.058642117Z","target":"projects/half-awake-eyes/locations/us-central1/functions/trashEmailMessage","verb":"create","cancelRequested":false,"apiVersion":"v2","requestResource":{"@type":"type.googleapis.com/google.cloud.functions.v2.Function","name":"projects/half-awake-eyes/locations/us-central1/functions/trashEmailMessage","buildConfig":{"runtime":"nodejs20","entryPoint":"trashEmailMessage","source":{"storageSource":{"bucket":"gcf-v2-sources-1002821452473-us-central1","object":"trashEmailMessage/function-source.zip","generation":"1780606324840882"}},"environmentVariables":{"GOOGLE_NODE_RUN_SCRIPTS":""},"serviceAccount":"projects/half-awake-eyes/serviceAccounts/1002821452473-compute@developer.gserviceaccount.com","automaticUpdatePolicy":{}},"serviceConfig":{"service":"projects/half-awake-eyes/locations/us-central1/services/trashemailmessage","timeoutSeconds":60,"environmentVariables":{"FIREBASE_CONFIG":"{\"projectId\":\"half-awake-eyes\",\"storageBucket\":\"half-awake-eyes.firebasestorage.app\"}","GCLOUD_PROJECT":"half-awake-eyes","EVENTARC_CLOUD_EVENT_SOURCE":"projects/half-awake-eyes/locations/us-central1/services/trashEmailMessage","FUNCTION_TARGET":"trashEmailMessage","LOG_EXECUTION_ID":"true"},"maxInstanceCount":2,"ingressSettings":"ALLOW_ALL","serviceAccountEmail":"1002821452473-compute@developer.gserviceaccount.com","availableMemory":"256Mi","secretEnvironmentVariables":[{"key":"IONOS_EMAIL","projectId":"half-awake-eyes","secret":"IONOS_EMAIL","version":"5"},{"key":"IONOS_PASSWORD","projectId":"half-awake-eyes","secret":"IONOS_PASSWORD","version":"4"}],"maxInstanceRequestConcurrency":80,"availableCpu":"1"},"labels":{"deployment-tool":"cli-firebase","deployment-callable":"true","firebase-functions-hash":"9049220809fcc689e07b78257906dac543117edc"},"environment":"GEN_2"},"stages":[{"name":"BUILD","message":"Build in progress","state":"IN_PROGRESS","resource":"projects/1002821452473/locations/us-central1/builds/0c624f0e-1939-4b2a-bd9d-2abd04725a40","resourceUri":"https://console.cloud.google.com/cloud-build/builds;region=us-central1/0c624f0e-1939-4b2a-bd9d-2abd04725a40?project=1002821452473"},{"name":"SERVICE","state":"NOT_STARTED"}],"operationType":"CREATE_FUNCTION","buildName":"projects/1002821452473/locations/us-central1/builds/0c624f0e-1939-4b2a-bd9d-2abd04725a40"},"done":false}
[debug] [2026-06-04T20:52:43.190Z] [create-default-us-central1-trashEmailMessage] Retrying task index 0
[debug] [2026-06-04T20:52:43.191Z] Checked if tokens are valid: true, expires at: 1780609906142
[debug] [2026-06-04T20:52:43.191Z] Checked if tokens are valid: true, expires at: 1780609906142
[debug] [2026-06-04T20:52:43.191Z] >>> [apiv2][query] GET https://cloudfunctions.googleapis.com/v2/projects/half-awake-eyes/locations/us-central1/operations/operation-1780606324575-65373b7760b7f-bde61b16-7198369c [none]
[debug] [2026-06-04T20:52:43.917Z] <<< [apiv2][status] GET https://cloudfunctions.googleapis.com/v2/projects/half-awake-eyes/locations/us-central1/operations/operation-1780606324575-65373b7760b7f-bde61b16-7198369c 200
[debug] [2026-06-04T20:52:43.918Z] <<< [apiv2][body] GET https://cloudfunctions.googleapis.com/v2/projects/half-awake-eyes/locations/us-central1/operations/operation-1780606324575-65373b7760b7f-bde61b16-7198369c {"name":"projects/half-awake-eyes/locations/us-central1/operations/operation-1780606324575-65373b7760b7f-bde61b16-7198369c","metadata":{"@type":"type.googleapis.com/google.cloud.functions.v2.OperationMetadata","createTime":"2026-06-04T20:52:05.058642117Z","target":"projects/half-awake-eyes/locations/us-central1/functions/trashEmailMessage","verb":"create","cancelRequested":false,"apiVersion":"v2","requestResource":{"@type":"type.googleapis.com/google.cloud.functions.v2.Function","name":"projects/half-awake-eyes/locations/us-central1/functions/trashEmailMessage","buildConfig":{"runtime":"nodejs20","entryPoint":"trashEmailMessage","source":{"storageSource":{"bucket":"gcf-v2-sources-1002821452473-us-central1","object":"trashEmailMessage/function-source.zip","generation":"1780606324840882"}},"environmentVariables":{"GOOGLE_NODE_RUN_SCRIPTS":""},"serviceAccount":"projects/half-awake-eyes/serviceAccounts/1002821452473-compute@developer.gserviceaccount.com","automaticUpdatePolicy":{}},"serviceConfig":{"service":"projects/half-awake-eyes/locations/us-central1/services/trashemailmessage","timeoutSeconds":60,"environmentVariables":{"FIREBASE_CONFIG":"{\"projectId\":\"half-awake-eyes\",\"storageBucket\":\"half-awake-eyes.firebasestorage.app\"}","GCLOUD_PROJECT":"half-awake-eyes","EVENTARC_CLOUD_EVENT_SOURCE":"projects/half-awake-eyes/locations/us-central1/services/trashEmailMessage","FUNCTION_TARGET":"trashEmailMessage","LOG_EXECUTION_ID":"true"},"maxInstanceCount":2,"ingressSettings":"ALLOW_ALL","serviceAccountEmail":"1002821452473-compute@developer.gserviceaccount.com","availableMemory":"256Mi","secretEnvironmentVariables":[{"key":"IONOS_EMAIL","projectId":"half-awake-eyes","secret":"IONOS_EMAIL","version":"5"},{"key":"IONOS_PASSWORD","projectId":"half-awake-eyes","secret":"IONOS_PASSWORD","version":"4"}],"maxInstanceRequestConcurrency":80,"availableCpu":"1"},"labels":{"deployment-tool":"cli-firebase","deployment-callable":"true","firebase-functions-hash":"9049220809fcc689e07b78257906dac543117edc"},"environment":"GEN_2"},"stages":[{"name":"BUILD","message":"Build in progress","state":"IN_PROGRESS","resource":"projects/1002821452473/locations/us-central1/builds/0c624f0e-1939-4b2a-bd9d-2abd04725a40","resourceUri":"https://console.cloud.google.com/cloud-build/builds;region=us-central1/0c624f0e-1939-4b2a-bd9d-2abd04725a40?project=1002821452473"},{"name":"SERVICE","state":"NOT_STARTED"}],"operationType":"CREATE_FUNCTION","buildName":"projects/1002821452473/locations/us-central1/builds/0c624f0e-1939-4b2a-bd9d-2abd04725a40"},"done":false}
[debug] [2026-06-04T20:52:53.929Z] [create-default-us-central1-trashEmailMessage] Retrying task index 0
[debug] [2026-06-04T20:52:53.929Z] Checked if tokens are valid: true, expires at: 1780609906142
[debug] [2026-06-04T20:52:53.929Z] Checked if tokens are valid: true, expires at: 1780609906142
[debug] [2026-06-04T20:52:53.929Z] >>> [apiv2][query] GET https://cloudfunctions.googleapis.com/v2/projects/half-awake-eyes/locations/us-central1/operations/operation-1780606324575-65373b7760b7f-bde61b16-7198369c [none]
[debug] [2026-06-04T20:52:54.689Z] <<< [apiv2][status] GET https://cloudfunctions.googleapis.com/v2/projects/half-awake-eyes/locations/us-central1/operations/operation-1780606324575-65373b7760b7f-bde61b16-7198369c 200
[debug] [2026-06-04T20:52:54.689Z] <<< [apiv2][body] GET https://cloudfunctions.googleapis.com/v2/projects/half-awake-eyes/locations/us-central1/operations/operation-1780606324575-65373b7760b7f-bde61b16-7198369c {"name":"projects/half-awake-eyes/locations/us-central1/operations/operation-1780606324575-65373b7760b7f-bde61b16-7198369c","metadata":{"@type":"type.googleapis.com/google.cloud.functions.v2.OperationMetadata","createTime":"2026-06-04T20:52:05.058642117Z","target":"projects/half-awake-eyes/locations/us-central1/functions/trashEmailMessage","verb":"create","cancelRequested":false,"apiVersion":"v2","requestResource":{"@type":"type.googleapis.com/google.cloud.functions.v2.Function","name":"projects/half-awake-eyes/locations/us-central1/functions/trashEmailMessage","buildConfig":{"runtime":"nodejs20","entryPoint":"trashEmailMessage","source":{"storageSource":{"bucket":"gcf-v2-sources-1002821452473-us-central1","object":"trashEmailMessage/function-source.zip","generation":"1780606324840882"}},"environmentVariables":{"GOOGLE_NODE_RUN_SCRIPTS":""},"serviceAccount":"projects/half-awake-eyes/serviceAccounts/1002821452473-compute@developer.gserviceaccount.com","automaticUpdatePolicy":{}},"serviceConfig":{"service":"projects/half-awake-eyes/locations/us-central1/services/trashemailmessage","timeoutSeconds":60,"environmentVariables":{"FIREBASE_CONFIG":"{\"projectId\":\"half-awake-eyes\",\"storageBucket\":\"half-awake-eyes.firebasestorage.app\"}","GCLOUD_PROJECT":"half-awake-eyes","EVENTARC_CLOUD_EVENT_SOURCE":"projects/half-awake-eyes/locations/us-central1/services/trashEmailMessage","FUNCTION_TARGET":"trashEmailMessage","LOG_EXECUTION_ID":"true"},"maxInstanceCount":2,"ingressSettings":"ALLOW_ALL","serviceAccountEmail":"1002821452473-compute@developer.gserviceaccount.com","availableMemory":"256Mi","secretEnvironmentVariables":[{"key":"IONOS_EMAIL","projectId":"half-awake-eyes","secret":"IONOS_EMAIL","version":"5"},{"key":"IONOS_PASSWORD","projectId":"half-awake-eyes","secret":"IONOS_PASSWORD","version":"4"}],"maxInstanceRequestConcurrency":80,"availableCpu":"1"},"labels":{"deployment-tool":"cli-firebase","deployment-callable":"true","firebase-functions-hash":"9049220809fcc689e07b78257906dac543117edc"},"environment":"GEN_2"},"stages":[{"name":"BUILD","message":"Build finished","state":"COMPLETE","resource":"projects/1002821452473/locations/us-central1/builds/0c624f0e-1939-4b2a-bd9d-2abd04725a40","resourceUri":"https://console.cloud.google.com/cloud-build/builds;region=us-central1/0c624f0e-1939-4b2a-bd9d-2abd04725a40?project=1002821452473"},{"name":"SERVICE","message":"Creating Cloud Run service","state":"IN_PROGRESS","resource":"projects/half-awake-eyes/locations/us-central1/services/trashemailmessage","resourceUri":"https://console.cloud.google.com/run/detail/us-central1/trashemailmessage?project=half-awake-eyes"}],"sourceToken":"Clhwcm9qZWN0cy8xMDAyODIxNDUyNDczL2xvY2F0aW9ucy91cy1jZW50cmFsMS9idWlsZHMvMGM2MjRmMGUtMTkzOS00YjJhLWJkOWQtMmFiZDA0NzI1YTQwEnd1cy1jZW50cmFsMS1kb2NrZXIucGtnLmRldi9oYWxmLWF3YWtlLWV5ZXMvZ2NmLWFydGlmYWN0cy9oYWxmLS1hd2FrZS0tZXllc19fdXMtLWNlbnRyYWwxX190cmFzaF9lbWFpbF9tZXNzYWdlOnZlcnNpb25fMRi5hcTmlx0iSnByb2plY3RzL2hhbGYtYXdha2UtZXllcy9sb2NhdGlvbnMvdXMtY2VudHJhbDEvZnVuY3Rpb25zL3RyYXNoRW1haWxNZXNzYWdlKgwIoMuH0QYQqN2sxwMyCG5vZGVqczIwOnYKI2djci5pby9nYWUtcnVudGltZXMvbm9kZWpzMjA6c3RhYmxlEk91cy1jZW50cmFsMS1kb2NrZXIucGtnLmRldi9zZXJ2ZXJsZXNzLXJ1bnRpbWVzL2dvb2dsZS0yMi1mdWxsL3J1bnRpbWVzL25vZGVqczIwQAE=","operationType":"CREATE_FUNCTION","buildName":"projects/1002821452473/locations/us-central1/builds/0c624f0e-1939-4b2a-bd9d-2abd04725a40"},"done":false}
[debug] [2026-06-04T20:52:54.689Z] Got source token Clhwcm9qZWN0cy8xMDAyODIxNDUyNDczL2xvY2F0aW9ucy91cy1jZW50cmFsMS9idWlsZHMvMGM2MjRmMGUtMTkzOS00YjJhLWJkOWQtMmFiZDA0NzI1YTQwEnd1cy1jZW50cmFsMS1kb2NrZXIucGtnLmRldi9oYWxmLWF3YWtlLWV5ZXMvZ2NmLWFydGlmYWN0cy9oYWxmLS1hd2FrZS0tZXllc19fdXMtLWNlbnRyYWwxX190cmFzaF9lbWFpbF9tZXNzYWdlOnZlcnNpb25fMRi5hcTmlx0iSnByb2plY3RzL2hhbGYtYXdha2UtZXllcy9sb2NhdGlvbnMvdXMtY2VudHJhbDEvZnVuY3Rpb25zL3RyYXNoRW1haWxNZXNzYWdlKgwIoMuH0QYQqN2sxwMyCG5vZGVqczIwOnYKI2djci5pby9nYWUtcnVudGltZXMvbm9kZWpzMjA6c3RhYmxlEk91cy1jZW50cmFsMS1kb2NrZXIucGtnLmRldi9zZXJ2ZXJsZXNzLXJ1bnRpbWVzL2dvb2dsZS0yMi1mdWxsL3J1bnRpbWVzL25vZGVqczIwQAE= for region us-central1
[debug] [2026-06-04T20:52:54.690Z] Checked if tokens are valid: true, expires at: 1780609906142
[debug] [2026-06-04T20:52:54.690Z] Checked if tokens are valid: true, expires at: 1780609906142
[debug] [2026-06-04T20:52:54.690Z] Checked if tokens are valid: true, expires at: 1780609906142
[debug] [2026-06-04T20:52:54.690Z] Checked if tokens are valid: true, expires at: 1780609906142
[debug] [2026-06-04T20:52:54.690Z] Checked if tokens are valid: true, expires at: 1780609906142
[debug] [2026-06-04T20:52:54.690Z] Checked if tokens are valid: true, expires at: 1780609906142
[debug] [2026-06-04T20:52:54.690Z] >>> [apiv2][query] PATCH https://cloudfunctions.googleapis.com/v2/projects/half-awake-eyes/locations/us-central1/functions/listInboxMessages updateMask=name%2CbuildConfig.runtime%2CbuildConfig.entryPoint%2CbuildConfig.source.storageSource.bucket%2CbuildConfig.source.storageSource.object%2CbuildConfig.environmentVariables%2CbuildConfig.sourceToken%2CserviceConfig.environmentVariables%2CserviceConfig.secretEnvironmentVariables%2CserviceConfig.ingressSettings%2CserviceConfig.timeoutSeconds%2CserviceConfig.serviceAccountEmail%2CserviceConfig.availableMemory%2CserviceConfig.minInstanceCount%2CserviceConfig.maxInstanceCount%2CserviceConfig.maxInstanceRequestConcurrency%2CserviceConfig.availableCpu%2CserviceConfig.vpcConnector%2CserviceConfig.vpcConnectorEgressSettings%2CserviceConfig.directVpcNetworkInterface%2CserviceConfig.directVpcEgress%2Clabels
[debug] [2026-06-04T20:52:54.690Z] >>> [apiv2][body] PATCH https://cloudfunctions.googleapis.com/v2/projects/half-awake-eyes/locations/us-central1/functions/listInboxMessages {"name":"projects/half-awake-eyes/locations/us-central1/functions/listInboxMessages","buildConfig":{"runtime":"nodejs20","entryPoint":"listInboxMessages","source":{"storageSource":{"bucket":"gcf-v2-uploads-1002821452473.us-central1.cloudfunctions.appspot.com","object":"ba05d2de-e99d-4a36-a147-a13e80552c22.zip"}},"environmentVariables":{"GOOGLE_NODE_RUN_SCRIPTS":""},"sourceToken":"Clhwcm9qZWN0cy8xMDAyODIxNDUyNDczL2xvY2F0aW9ucy91cy1jZW50cmFsMS9idWlsZHMvMGM2MjRmMGUtMTkzOS00YjJhLWJkOWQtMmFiZDA0NzI1YTQwEnd1cy1jZW50cmFsMS1kb2NrZXIucGtnLmRldi9oYWxmLWF3YWtlLWV5ZXMvZ2NmLWFydGlmYWN0cy9oYWxmLS1hd2FrZS0tZXllc19fdXMtLWNlbnRyYWwxX190cmFzaF9lbWFpbF9tZXNzYWdlOnZlcnNpb25fMRi5hcTmlx0iSnByb2plY3RzL2hhbGYtYXdha2UtZXllcy9sb2NhdGlvbnMvdXMtY2VudHJhbDEvZnVuY3Rpb25zL3RyYXNoRW1haWxNZXNzYWdlKgwIoMuH0QYQqN2sxwMyCG5vZGVqczIwOnYKI2djci5pby9nYWUtcnVudGltZXMvbm9kZWpzMjA6c3RhYmxlEk91cy1jZW50cmFsMS1kb2NrZXIucGtnLmRldi9zZXJ2ZXJsZXNzLXJ1bnRpbWVzL2dvb2dsZS0yMi1mdWxsL3J1bnRpbWVzL25vZGVqczIwQAE="},"serviceConfig":{"environmentVariables":{"FIREBASE_CONFIG":"{\"projectId\":\"half-awake-eyes\",\"storageBucket\":\"half-awake-eyes.firebasestorage.app\"}","GCLOUD_PROJECT":"half-awake-eyes","EVENTARC_CLOUD_EVENT_SOURCE":"projects/half-awake-eyes/locations/us-central1/services/listInboxMessages","FUNCTION_TARGET":"listInboxMessages","LOG_EXECUTION_ID":"true"},"secretEnvironmentVariables":[{"key":"IONOS_EMAIL","secret":"IONOS_EMAIL","projectId":"half-awake-eyes","version":"5"},{"key":"IONOS_PASSWORD","secret":"IONOS_PASSWORD","projectId":"half-awake-eyes","version":"4"}],"ingressSettings":null,"timeoutSeconds":60,"serviceAccountEmail":null,"availableMemory":"256Mi","minInstanceCount":null,"maxInstanceCount":2,"maxInstanceRequestConcurrency":80,"availableCpu":"1","vpcConnector":null,"vpcConnectorEgressSettings":null,"directVpcNetworkInterface":null,"directVpcEgress":null},"labels":{"deployment-tool":"cli-firebase","deployment-callable":"true","firebase-functions-hash":"9049220809fcc689e07b78257906dac543117edc"}}
[debug] [2026-06-04T20:52:54.691Z] >>> [apiv2][query] PATCH https://cloudfunctions.googleapis.com/v2/projects/half-awake-eyes/locations/us-central1/functions/getEmailMessage updateMask=name%2CbuildConfig.runtime%2CbuildConfig.entryPoint%2CbuildConfig.source.storageSource.bucket%2CbuildConfig.source.storageSource.object%2CbuildConfig.environmentVariables%2CbuildConfig.sourceToken%2CserviceConfig.environmentVariables%2CserviceConfig.secretEnvironmentVariables%2CserviceConfig.ingressSettings%2CserviceConfig.timeoutSeconds%2CserviceConfig.serviceAccountEmail%2CserviceConfig.availableMemory%2CserviceConfig.minInstanceCount%2CserviceConfig.maxInstanceCount%2CserviceConfig.maxInstanceRequestConcurrency%2CserviceConfig.availableCpu%2CserviceConfig.vpcConnector%2CserviceConfig.vpcConnectorEgressSettings%2CserviceConfig.directVpcNetworkInterface%2CserviceConfig.directVpcEgress%2Clabels
[debug] [2026-06-04T20:52:54.691Z] >>> [apiv2][body] PATCH https://cloudfunctions.googleapis.com/v2/projects/half-awake-eyes/locations/us-central1/functions/getEmailMessage {"name":"projects/half-awake-eyes/locations/us-central1/functions/getEmailMessage","buildConfig":{"runtime":"nodejs20","entryPoint":"getEmailMessage","source":{"storageSource":{"bucket":"gcf-v2-uploads-1002821452473.us-central1.cloudfunctions.appspot.com","object":"ba05d2de-e99d-4a36-a147-a13e80552c22.zip"}},"environmentVariables":{"GOOGLE_NODE_RUN_SCRIPTS":""},"sourceToken":"Clhwcm9qZWN0cy8xMDAyODIxNDUyNDczL2xvY2F0aW9ucy91cy1jZW50cmFsMS9idWlsZHMvMGM2MjRmMGUtMTkzOS00YjJhLWJkOWQtMmFiZDA0NzI1YTQwEnd1cy1jZW50cmFsMS1kb2NrZXIucGtnLmRldi9oYWxmLWF3YWtlLWV5ZXMvZ2NmLWFydGlmYWN0cy9oYWxmLS1hd2FrZS0tZXllc19fdXMtLWNlbnRyYWwxX190cmFzaF9lbWFpbF9tZXNzYWdlOnZlcnNpb25fMRi5hcTmlx0iSnByb2plY3RzL2hhbGYtYXdha2UtZXllcy9sb2NhdGlvbnMvdXMtY2VudHJhbDEvZnVuY3Rpb25zL3RyYXNoRW1haWxNZXNzYWdlKgwIoMuH0QYQqN2sxwMyCG5vZGVqczIwOnYKI2djci5pby9nYWUtcnVudGltZXMvbm9kZWpzMjA6c3RhYmxlEk91cy1jZW50cmFsMS1kb2NrZXIucGtnLmRldi9zZXJ2ZXJsZXNzLXJ1bnRpbWVzL2dvb2dsZS0yMi1mdWxsL3J1bnRpbWVzL25vZGVqczIwQAE="},"serviceConfig":{"environmentVariables":{"FIREBASE_CONFIG":"{\"projectId\":\"half-awake-eyes\",\"storageBucket\":\"half-awake-eyes.firebasestorage.app\"}","GCLOUD_PROJECT":"half-awake-eyes","EVENTARC_CLOUD_EVENT_SOURCE":"projects/half-awake-eyes/locations/us-central1/services/getEmailMessage","FUNCTION_TARGET":"getEmailMessage","LOG_EXECUTION_ID":"true","FUNCTION_SIGNATURE_TYPE":"http"},"secretEnvironmentVariables":[{"key":"IONOS_EMAIL","secret":"IONOS_EMAIL","projectId":"half-awake-eyes","version":"5"},{"key":"IONOS_PASSWORD","secret":"IONOS_PASSWORD","projectId":"half-awake-eyes","version":"4"}],"ingressSettings":null,"timeoutSeconds":60,"serviceAccountEmail":null,"availableMemory":"256Mi","minInstanceCount":null,"maxInstanceCount":2,"maxInstanceRequestConcurrency":80,"availableCpu":"1","vpcConnector":null,"vpcConnectorEgressSettings":null,"directVpcNetworkInterface":null,"directVpcEgress":null},"labels":{"deployment-tool":"cli-firebase","deployment-callable":"true","firebase-functions-hash":"9049220809fcc689e07b78257906dac543117edc"}}
[debug] [2026-06-04T20:52:54.692Z] >>> [apiv2][query] PATCH https://cloudfunctions.googleapis.com/v2/projects/half-awake-eyes/locations/us-central1/functions/sendAdminEmail updateMask=name%2CbuildConfig.runtime%2CbuildConfig.entryPoint%2CbuildConfig.source.storageSource.bucket%2CbuildConfig.source.storageSource.object%2CbuildConfig.environmentVariables%2CbuildConfig.sourceToken%2CserviceConfig.environmentVariables%2CserviceConfig.secretEnvironmentVariables%2CserviceConfig.ingressSettings%2CserviceConfig.timeoutSeconds%2CserviceConfig.serviceAccountEmail%2CserviceConfig.availableMemory%2CserviceConfig.minInstanceCount%2CserviceConfig.maxInstanceCount%2CserviceConfig.maxInstanceRequestConcurrency%2CserviceConfig.availableCpu%2CserviceConfig.vpcConnector%2CserviceConfig.vpcConnectorEgressSettings%2CserviceConfig.directVpcNetworkInterface%2CserviceConfig.directVpcEgress%2Clabels
[debug] [2026-06-04T20:52:54.693Z] >>> [apiv2][body] PATCH https://cloudfunctions.googleapis.com/v2/projects/half-awake-eyes/locations/us-central1/functions/sendAdminEmail {"name":"projects/half-awake-eyes/locations/us-central1/functions/sendAdminEmail","buildConfig":{"runtime":"nodejs20","entryPoint":"sendAdminEmail","source":{"storageSource":{"bucket":"gcf-v2-uploads-1002821452473.us-central1.cloudfunctions.appspot.com","object":"ba05d2de-e99d-4a36-a147-a13e80552c22.zip"}},"environmentVariables":{"GOOGLE_NODE_RUN_SCRIPTS":""},"sourceToken":"Clhwcm9qZWN0cy8xMDAyODIxNDUyNDczL2xvY2F0aW9ucy91cy1jZW50cmFsMS9idWlsZHMvMGM2MjRmMGUtMTkzOS00YjJhLWJkOWQtMmFiZDA0NzI1YTQwEnd1cy1jZW50cmFsMS1kb2NrZXIucGtnLmRldi9oYWxmLWF3YWtlLWV5ZXMvZ2NmLWFydGlmYWN0cy9oYWxmLS1hd2FrZS0tZXllc19fdXMtLWNlbnRyYWwxX190cmFzaF9lbWFpbF9tZXNzYWdlOnZlcnNpb25fMRi5hcTmlx0iSnByb2plY3RzL2hhbGYtYXdha2UtZXllcy9sb2NhdGlvbnMvdXMtY2VudHJhbDEvZnVuY3Rpb25zL3RyYXNoRW1haWxNZXNzYWdlKgwIoMuH0QYQqN2sxwMyCG5vZGVqczIwOnYKI2djci5pby9nYWUtcnVudGltZXMvbm9kZWpzMjA6c3RhYmxlEk91cy1jZW50cmFsMS1kb2NrZXIucGtnLmRldi9zZXJ2ZXJsZXNzLXJ1bnRpbWVzL2dvb2dsZS0yMi1mdWxsL3J1bnRpbWVzL25vZGVqczIwQAE="},"serviceConfig":{"environmentVariables":{"FIREBASE_CONFIG":"{\"projectId\":\"half-awake-eyes\",\"storageBucket\":\"half-awake-eyes.firebasestorage.app\"}","GCLOUD_PROJECT":"half-awake-eyes","EVENTARC_CLOUD_EVENT_SOURCE":"projects/half-awake-eyes/locations/us-central1/services/sendAdminEmail","FUNCTION_TARGET":"sendAdminEmail","LOG_EXECUTION_ID":"true","FUNCTION_SIGNATURE_TYPE":"http"},"secretEnvironmentVariables":[{"key":"IONOS_EMAIL","secret":"IONOS_EMAIL","projectId":"half-awake-eyes","version":"5"},{"key":"IONOS_PASSWORD","secret":"IONOS_PASSWORD","projectId":"half-awake-eyes","version":"4"}],"ingressSettings":null,"timeoutSeconds":60,"serviceAccountEmail":null,"availableMemory":"256Mi","minInstanceCount":null,"maxInstanceCount":2,"maxInstanceRequestConcurrency":80,"availableCpu":"1","vpcConnector":null,"vpcConnectorEgressSettings":null,"directVpcNetworkInterface":null,"directVpcEgress":null},"labels":{"deployment-tool":"cli-firebase","deployment-callable":"true","firebase-functions-hash":"9049220809fcc689e07b78257906dac543117edc"}}
[debug] [2026-06-04T20:52:56.232Z] <<< [apiv2][status] PATCH https://cloudfunctions.googleapis.com/v2/projects/half-awake-eyes/locations/us-central1/functions/getEmailMessage 200
[debug] [2026-06-04T20:52:56.232Z] <<< [apiv2][body] PATCH https://cloudfunctions.googleapis.com/v2/projects/half-awake-eyes/locations/us-central1/functions/getEmailMessage {"name":"projects/half-awake-eyes/locations/us-central1/operations/operation-1780606375792-65373ba838e68-abc95ae0-f4c65338","metadata":{"@type":"type.googleapis.com/google.cloud.functions.v2.OperationMetadata","createTime":"2026-06-04T20:52:56.576582885Z","target":"projects/half-awake-eyes/locations/us-central1/functions/getEmailMessage","verb":"update","cancelRequested":false,"apiVersion":"v2"},"done":false}
[debug] [2026-06-04T20:52:56.232Z] Checked if tokens are valid: true, expires at: 1780609906142
[debug] [2026-06-04T20:52:56.232Z] Checked if tokens are valid: true, expires at: 1780609906142
[debug] [2026-06-04T20:52:56.232Z] >>> [apiv2][query] GET https://cloudfunctions.googleapis.com/v2/projects/half-awake-eyes/locations/us-central1/operations/operation-1780606375792-65373ba838e68-abc95ae0-f4c65338 [none]
[debug] [2026-06-04T20:52:56.265Z] <<< [apiv2][status] PATCH https://cloudfunctions.googleapis.com/v2/projects/half-awake-eyes/locations/us-central1/functions/listInboxMessages 200
[debug] [2026-06-04T20:52:56.265Z] <<< [apiv2][body] PATCH https://cloudfunctions.googleapis.com/v2/projects/half-awake-eyes/locations/us-central1/functions/listInboxMessages {"name":"projects/half-awake-eyes/locations/us-central1/operations/operation-1780606375766-65373ba832903-84ac1c36-c3222f49","metadata":{"@type":"type.googleapis.com/google.cloud.functions.v2.OperationMetadata","createTime":"2026-06-04T20:52:56.604882588Z","target":"projects/half-awake-eyes/locations/us-central1/functions/listInboxMessages","verb":"update","cancelRequested":false,"apiVersion":"v2"},"done":false}
[debug] [2026-06-04T20:52:56.265Z] Checked if tokens are valid: true, expires at: 1780609906142
[debug] [2026-06-04T20:52:56.265Z] Checked if tokens are valid: true, expires at: 1780609906142
[debug] [2026-06-04T20:52:56.265Z] >>> [apiv2][query] GET https://cloudfunctions.googleapis.com/v2/projects/half-awake-eyes/locations/us-central1/operations/operation-1780606375766-65373ba832903-84ac1c36-c3222f49 [none]
[debug] [2026-06-04T20:52:56.286Z] <<< [apiv2][status] PATCH https://cloudfunctions.googleapis.com/v2/projects/half-awake-eyes/locations/us-central1/functions/sendAdminEmail 200
[debug] [2026-06-04T20:52:56.286Z] <<< [apiv2][body] PATCH https://cloudfunctions.googleapis.com/v2/projects/half-awake-eyes/locations/us-central1/functions/sendAdminEmail {"name":"projects/half-awake-eyes/locations/us-central1/operations/operation-1780606375796-65373ba839e9c-79401f49-b8c7d401","metadata":{"@type":"type.googleapis.com/google.cloud.functions.v2.OperationMetadata","createTime":"2026-06-04T20:52:56.626769399Z","target":"projects/half-awake-eyes/locations/us-central1/functions/sendAdminEmail","verb":"update","cancelRequested":false,"apiVersion":"v2"},"done":false}
[debug] [2026-06-04T20:52:56.286Z] Checked if tokens are valid: true, expires at: 1780609906142
[debug] [2026-06-04T20:52:56.286Z] Checked if tokens are valid: true, expires at: 1780609906142
[debug] [2026-06-04T20:52:56.286Z] >>> [apiv2][query] GET https://cloudfunctions.googleapis.com/v2/projects/half-awake-eyes/locations/us-central1/operations/operation-1780606375796-65373ba839e9c-79401f49-b8c7d401 [none]
[debug] [2026-06-04T20:52:56.439Z] <<< [apiv2][status] GET https://cloudfunctions.googleapis.com/v2/projects/half-awake-eyes/locations/us-central1/operations/operation-1780606375796-65373ba839e9c-79401f49-b8c7d401 200
[debug] [2026-06-04T20:52:56.439Z] <<< [apiv2][body] GET https://cloudfunctions.googleapis.com/v2/projects/half-awake-eyes/locations/us-central1/operations/operation-1780606375796-65373ba839e9c-79401f49-b8c7d401 {"name":"projects/half-awake-eyes/locations/us-central1/operations/operation-1780606375796-65373ba839e9c-79401f49-b8c7d401","metadata":{"@type":"type.googleapis.com/google.cloud.functions.v2.OperationMetadata","createTime":"2026-06-04T20:52:56.626769399Z","target":"projects/half-awake-eyes/locations/us-central1/functions/sendAdminEmail","verb":"update","cancelRequested":false,"apiVersion":"v2","requestResource":{"@type":"type.googleapis.com/google.cloud.functions.v2.Function","name":"projects/half-awake-eyes/locations/us-central1/functions/sendAdminEmail","buildConfig":{"runtime":"nodejs20","entryPoint":"sendAdminEmail","source":{"storageSource":{"bucket":"gcf-v2-sources-1002821452473-us-central1","object":"sendAdminEmail/function-source.zip","generation":"1780606376580701"}},"environmentVariables":{"GOOGLE_NODE_RUN_SCRIPTS":""},"dockerRepository":"projects/half-awake-eyes/locations/us-central1/repositories/gcf-artifacts","sourceProvenance":{"resolvedStorageSource":{"bucket":"gcf-v2-sources-1002821452473-us-central1","object":"sendAdminEmail/function-source.zip","generation":"1780602104864430"}},"dockerRegistry":"ARTIFACT_REGISTRY","sourceToken":"Clhwcm9qZWN0cy8xMDAyODIxNDUyNDczL2xvY2F0aW9ucy91cy1jZW50cmFsMS9idWlsZHMvMGM2MjRmMGUtMTkzOS00YjJhLWJkOWQtMmFiZDA0NzI1YTQwEnd1cy1jZW50cmFsMS1kb2NrZXIucGtnLmRldi9oYWxmLWF3YWtlLWV5ZXMvZ2NmLWFydGlmYWN0cy9oYWxmLS1hd2FrZS0tZXllc19fdXMtLWNlbnRyYWwxX190cmFzaF9lbWFpbF9tZXNzYWdlOnZlcnNpb25fMRi5hcTmlx0iSnByb2plY3RzL2hhbGYtYXdha2UtZXllcy9sb2NhdGlvbnMvdXMtY2VudHJhbDEvZnVuY3Rpb25zL3RyYXNoRW1haWxNZXNzYWdlKgwIoMuH0QYQqN2sxwMyCG5vZGVqczIwOnYKI2djci5pby9nYWUtcnVudGltZXMvbm9kZWpzMjA6c3RhYmxlEk91cy1jZW50cmFsMS1kb2NrZXIucGtnLmRldi9zZXJ2ZXJsZXNzLXJ1bnRpbWVzL2dvb2dsZS0yMi1mdWxsL3J1bnRpbWVzL25vZGVqczIwQAE=","serviceAccount":"projects/half-awake-eyes/serviceAccounts/1002821452473-compute@developer.gserviceaccount.com","automaticUpdatePolicy":{}},"serviceConfig":{"service":"projects/half-awake-eyes/locations/us-central1/services/sendadminemail","timeoutSeconds":60,"environmentVariables":{"FIREBASE_CONFIG":"{\"projectId\":\"half-awake-eyes\",\"storageBucket\":\"half-awake-eyes.firebasestorage.app\"}","GCLOUD_PROJECT":"half-awake-eyes","EVENTARC_CLOUD_EVENT_SOURCE":"projects/half-awake-eyes/locations/us-central1/services/sendAdminEmail","FUNCTION_TARGET":"sendAdminEmail","LOG_EXECUTION_ID":"true","FUNCTION_SIGNATURE_TYPE":"http"},"maxInstanceCount":2,"ingressSettings":"ALLOW_ALL","uri":"https://sendadminemail-mni4uoxhba-uc.a.run.app","serviceAccountEmail":"1002821452473-compute@developer.gserviceaccount.com","availableMemory":"256Mi","allTrafficOnLatestRevision":true,"secretEnvironmentVariables":[{"key":"IONOS_EMAIL","projectId":"half-awake-eyes","secret":"IONOS_EMAIL","version":"5"},{"key":"IONOS_PASSWORD","projectId":"half-awake-eyes","secret":"IONOS_PASSWORD","version":"4"}],"revision":"sendadminemail-00008-far","maxInstanceRequestConcurrency":80,"availableCpu":"1"},"state":"ACTIVE","labels":{"deployment-tool":"cli-firebase","deployment-callable":"true","firebase-functions-hash":"9049220809fcc689e07b78257906dac543117edc"},"environment":"GEN_2","url":"https://us-central1-half-awake-eyes.cloudfunctions.net/sendAdminEmail","satisfiesPzi":true},"stages":[{"name":"BUILD","state":"NOT_STARTED","stateMessages":[{"severity":"WARNING","type":"BuildAnalysisWarning","message":"Node.js 20 is no longer supported by the Node.js community as of 30 April, 2026. Runtime nodejs20 is currently deprecated for Cloud Functions. We recommend you to upgrade to the latest version of Node.js as soon as possible."}]},{"name":"SERVICE","state":"NOT_STARTED"}],"sourceToken":"Clhwcm9qZWN0cy8xMDAyODIxNDUyNDczL2xvY2F0aW9ucy91cy1jZW50cmFsMS9idWlsZHMvMGM2MjRmMGUtMTkzOS00YjJhLWJkOWQtMmFiZDA0NzI1YTQwEnd1cy1jZW50cmFsMS1kb2NrZXIucGtnLmRldi9oYWxmLWF3YWtlLWV5ZXMvZ2NmLWFydGlmYWN0cy9oYWxmLS1hd2FrZS0tZXllc19fdXMtLWNlbnRyYWwxX190cmFzaF9lbWFpbF9tZXNzYWdlOnZlcnNpb25fMRi5hcTmlx0iSnByb2plY3RzL2hhbGYtYXdha2UtZXllcy9sb2NhdGlvbnMvdXMtY2VudHJhbDEvZnVuY3Rpb25zL3RyYXNoRW1haWxNZXNzYWdlKgwIoMuH0QYQqN2sxwMyCG5vZGVqczIwOnYKI2djci5pby9nYWUtcnVudGltZXMvbm9kZWpzMjA6c3RhYmxlEk91cy1jZW50cmFsMS1kb2NrZXIucGtnLmRldi9zZXJ2ZXJsZXNzLXJ1bnRpbWVzL2dvb2dsZS0yMi1mdWxsL3J1bnRpbWVzL25vZGVqczIwQAE=","operationType":"UPDATE_FUNCTION"},"done":false}
[debug] [2026-06-04T20:52:56.439Z] Got source token Clhwcm9qZWN0cy8xMDAyODIxNDUyNDczL2xvY2F0aW9ucy91cy1jZW50cmFsMS9idWlsZHMvMGM2MjRmMGUtMTkzOS00YjJhLWJkOWQtMmFiZDA0NzI1YTQwEnd1cy1jZW50cmFsMS1kb2NrZXIucGtnLmRldi9oYWxmLWF3YWtlLWV5ZXMvZ2NmLWFydGlmYWN0cy9oYWxmLS1hd2FrZS0tZXllc19fdXMtLWNlbnRyYWwxX190cmFzaF9lbWFpbF9tZXNzYWdlOnZlcnNpb25fMRi5hcTmlx0iSnByb2plY3RzL2hhbGYtYXdha2UtZXllcy9sb2NhdGlvbnMvdXMtY2VudHJhbDEvZnVuY3Rpb25zL3RyYXNoRW1haWxNZXNzYWdlKgwIoMuH0QYQqN2sxwMyCG5vZGVqczIwOnYKI2djci5pby9nYWUtcnVudGltZXMvbm9kZWpzMjA6c3RhYmxlEk91cy1jZW50cmFsMS1kb2NrZXIucGtnLmRldi9zZXJ2ZXJsZXNzLXJ1bnRpbWVzL2dvb2dsZS0yMi1mdWxsL3J1bnRpbWVzL25vZGVqczIwQAE= for region us-central1
[debug] [2026-06-04T20:52:56.949Z] [update-default-us-central1-sendAdminEmail] Retrying task index 0
[debug] [2026-06-04T20:52:56.949Z] Checked if tokens are valid: true, expires at: 1780609906142
[debug] [2026-06-04T20:52:56.949Z] Checked if tokens are valid: true, expires at: 1780609906142
[debug] [2026-06-04T20:52:56.949Z] >>> [apiv2][query] GET https://cloudfunctions.googleapis.com/v2/projects/half-awake-eyes/locations/us-central1/operations/operation-1780606375796-65373ba839e9c-79401f49-b8c7d401 [none]
[debug] [2026-06-04T20:52:56.974Z] <<< [apiv2][status] GET https://cloudfunctions.googleapis.com/v2/projects/half-awake-eyes/locations/us-central1/operations/operation-1780606375792-65373ba838e68-abc95ae0-f4c65338 200
[debug] [2026-06-04T20:52:56.975Z] <<< [apiv2][body] GET https://cloudfunctions.googleapis.com/v2/projects/half-awake-eyes/locations/us-central1/operations/operation-1780606375792-65373ba838e68-abc95ae0-f4c65338 {"name":"projects/half-awake-eyes/locations/us-central1/operations/operation-1780606375792-65373ba838e68-abc95ae0-f4c65338","metadata":{"@type":"type.googleapis.com/google.cloud.functions.v2.OperationMetadata","createTime":"2026-06-04T20:52:56.576582885Z","target":"projects/half-awake-eyes/locations/us-central1/functions/getEmailMessage","verb":"update","cancelRequested":false,"apiVersion":"v2","requestResource":{"@type":"type.googleapis.com/google.cloud.functions.v2.Function","name":"projects/half-awake-eyes/locations/us-central1/functions/getEmailMessage","buildConfig":{"runtime":"nodejs20","entryPoint":"getEmailMessage","source":{"storageSource":{"bucket":"gcf-v2-sources-1002821452473-us-central1","object":"getEmailMessage/function-source.zip","generation":"1780606376526512"}},"environmentVariables":{"GOOGLE_NODE_RUN_SCRIPTS":""},"dockerRepository":"projects/half-awake-eyes/locations/us-central1/repositories/gcf-artifacts","sourceProvenance":{"resolvedStorageSource":{"bucket":"gcf-v2-sources-1002821452473-us-central1","object":"getEmailMessage/function-source.zip","generation":"1780602104794615"}},"dockerRegistry":"ARTIFACT_REGISTRY","sourceToken":"Clhwcm9qZWN0cy8xMDAyODIxNDUyNDczL2xvY2F0aW9ucy91cy1jZW50cmFsMS9idWlsZHMvMGM2MjRmMGUtMTkzOS00YjJhLWJkOWQtMmFiZDA0NzI1YTQwEnd1cy1jZW50cmFsMS1kb2NrZXIucGtnLmRldi9oYWxmLWF3YWtlLWV5ZXMvZ2NmLWFydGlmYWN0cy9oYWxmLS1hd2FrZS0tZXllc19fdXMtLWNlbnRyYWwxX190cmFzaF9lbWFpbF9tZXNzYWdlOnZlcnNpb25fMRi5hcTmlx0iSnByb2plY3RzL2hhbGYtYXdha2UtZXllcy9sb2NhdGlvbnMvdXMtY2VudHJhbDEvZnVuY3Rpb25zL3RyYXNoRW1haWxNZXNzYWdlKgwIoMuH0QYQqN2sxwMyCG5vZGVqczIwOnYKI2djci5pby9nYWUtcnVudGltZXMvbm9kZWpzMjA6c3RhYmxlEk91cy1jZW50cmFsMS1kb2NrZXIucGtnLmRldi9zZXJ2ZXJsZXNzLXJ1bnRpbWVzL2dvb2dsZS0yMi1mdWxsL3J1bnRpbWVzL25vZGVqczIwQAE=","serviceAccount":"projects/half-awake-eyes/serviceAccounts/1002821452473-compute@developer.gserviceaccount.com","automaticUpdatePolicy":{}},"serviceConfig":{"service":"projects/half-awake-eyes/locations/us-central1/services/getemailmessage","timeoutSeconds":60,"environmentVariables":{"FIREBASE_CONFIG":"{\"projectId\":\"half-awake-eyes\",\"storageBucket\":\"half-awake-eyes.firebasestorage.app\"}","GCLOUD_PROJECT":"half-awake-eyes","EVENTARC_CLOUD_EVENT_SOURCE":"projects/half-awake-eyes/locations/us-central1/services/getEmailMessage","FUNCTION_TARGET":"getEmailMessage","LOG_EXECUTION_ID":"true","FUNCTION_SIGNATURE_TYPE":"http"},"maxInstanceCount":2,"ingressSettings":"ALLOW_ALL","uri":"https://getemailmessage-mni4uoxhba-uc.a.run.app","serviceAccountEmail":"1002821452473-compute@developer.gserviceaccount.com","availableMemory":"256Mi","allTrafficOnLatestRevision":true,"secretEnvironmentVariables":[{"key":"IONOS_EMAIL","projectId":"half-awake-eyes","secret":"IONOS_EMAIL","version":"5"},{"key":"IONOS_PASSWORD","projectId":"half-awake-eyes","secret":"IONOS_PASSWORD","version":"4"}],"revision":"getemailmessage-00008-nok","maxInstanceRequestConcurrency":80,"availableCpu":"1"},"state":"ACTIVE","labels":{"deployment-tool":"cli-firebase","deployment-callable":"true","firebase-functions-hash":"9049220809fcc689e07b78257906dac543117edc"},"environment":"GEN_2","url":"https://us-central1-half-awake-eyes.cloudfunctions.net/getEmailMessage","satisfiesPzi":true},"stages":[{"name":"BUILD","message":"Reusing build","state":"COMPLETE","resource":"projects/1002821452473/locations/us-central1/builds/0c624f0e-1939-4b2a-bd9d-2abd04725a40","stateMessages":[{"severity":"WARNING","type":"BuildAnalysisWarning","message":"Node.js 20 is no longer supported by the Node.js community as of 30 April, 2026. Runtime nodejs20 is currently deprecated for Cloud Functions. We recommend you to upgrade to the latest version of Node.js as soon as possible."}]},{"name":"SERVICE","message":"Updating Cloud Run service","state":"IN_PROGRESS","resource":"projects/half-awake-eyes/locations/us-central1/services/getemailmessage","resourceUri":"https://console.cloud.google.com/run/detail/us-central1/getemailmessage?project=half-awake-eyes","stateMessages":[{"severity":"INFO","type":"CloudRunServiceNewRevisionTrafficInfo","message":"A new revision will be deployed serving with 100% traffic."}]}],"sourceToken":"Clhwcm9qZWN0cy8xMDAyODIxNDUyNDczL2xvY2F0aW9ucy91cy1jZW50cmFsMS9idWlsZHMvMGM2MjRmMGUtMTkzOS00YjJhLWJkOWQtMmFiZDA0NzI1YTQwEnd1cy1jZW50cmFsMS1kb2NrZXIucGtnLmRldi9oYWxmLWF3YWtlLWV5ZXMvZ2NmLWFydGlmYWN0cy9oYWxmLS1hd2FrZS0tZXllc19fdXMtLWNlbnRyYWwxX190cmFzaF9lbWFpbF9tZXNzYWdlOnZlcnNpb25fMRi5hcTmlx0iSnByb2plY3RzL2hhbGYtYXdha2UtZXllcy9sb2NhdGlvbnMvdXMtY2VudHJhbDEvZnVuY3Rpb25zL3RyYXNoRW1haWxNZXNzYWdlKgwIoMuH0QYQqN2sxwMyCG5vZGVqczIwOnYKI2djci5pby9nYWUtcnVudGltZXMvbm9kZWpzMjA6c3RhYmxlEk91cy1jZW50cmFsMS1kb2NrZXIucGtnLmRldi9zZXJ2ZXJsZXNzLXJ1bnRpbWVzL2dvb2dsZS0yMi1mdWxsL3J1bnRpbWVzL25vZGVqczIwQAE=","operationType":"UPDATE_FUNCTION","buildName":"projects/1002821452473/locations/us-central1/builds/0c624f0e-1939-4b2a-bd9d-2abd04725a40"},"done":false}
[debug] [2026-06-04T20:52:56.975Z] Got source token Clhwcm9qZWN0cy8xMDAyODIxNDUyNDczL2xvY2F0aW9ucy91cy1jZW50cmFsMS9idWlsZHMvMGM2MjRmMGUtMTkzOS00YjJhLWJkOWQtMmFiZDA0NzI1YTQwEnd1cy1jZW50cmFsMS1kb2NrZXIucGtnLmRldi9oYWxmLWF3YWtlLWV5ZXMvZ2NmLWFydGlmYWN0cy9oYWxmLS1hd2FrZS0tZXllc19fdXMtLWNlbnRyYWwxX190cmFzaF9lbWFpbF9tZXNzYWdlOnZlcnNpb25fMRi5hcTmlx0iSnByb2plY3RzL2hhbGYtYXdha2UtZXllcy9sb2NhdGlvbnMvdXMtY2VudHJhbDEvZnVuY3Rpb25zL3RyYXNoRW1haWxNZXNzYWdlKgwIoMuH0QYQqN2sxwMyCG5vZGVqczIwOnYKI2djci5pby9nYWUtcnVudGltZXMvbm9kZWpzMjA6c3RhYmxlEk91cy1jZW50cmFsMS1kb2NrZXIucGtnLmRldi9zZXJ2ZXJsZXNzLXJ1bnRpbWVzL2dvb2dsZS0yMi1mdWxsL3J1bnRpbWVzL25vZGVqczIwQAE= for region us-central1
[debug] [2026-06-04T20:52:56.976Z] <<< [apiv2][status] GET https://cloudfunctions.googleapis.com/v2/projects/half-awake-eyes/locations/us-central1/operations/operation-1780606375766-65373ba832903-84ac1c36-c3222f49 200
[debug] [2026-06-04T20:52:56.976Z] <<< [apiv2][body] GET https://cloudfunctions.googleapis.com/v2/projects/half-awake-eyes/locations/us-central1/operations/operation-1780606375766-65373ba832903-84ac1c36-c3222f49 {"name":"projects/half-awake-eyes/locations/us-central1/operations/operation-1780606375766-65373ba832903-84ac1c36-c3222f49","metadata":{"@type":"type.googleapis.com/google.cloud.functions.v2.OperationMetadata","createTime":"2026-06-04T20:52:56.604882588Z","target":"projects/half-awake-eyes/locations/us-central1/functions/listInboxMessages","verb":"update","cancelRequested":false,"apiVersion":"v2","requestResource":{"@type":"type.googleapis.com/google.cloud.functions.v2.Function","name":"projects/half-awake-eyes/locations/us-central1/functions/listInboxMessages","buildConfig":{"runtime":"nodejs20","entryPoint":"listInboxMessages","source":{"storageSource":{"bucket":"gcf-v2-sources-1002821452473-us-central1","object":"listInboxMessages/function-source.zip","generation":"1780606376558218"}},"environmentVariables":{"GOOGLE_NODE_RUN_SCRIPTS":""},"dockerRepository":"projects/half-awake-eyes/locations/us-central1/repositories/gcf-artifacts","sourceProvenance":{"resolvedStorageSource":{"bucket":"gcf-v2-sources-1002821452473-us-central1","object":"listInboxMessages/function-source.zip","generation":"1780602062407176"}},"dockerRegistry":"ARTIFACT_REGISTRY","sourceToken":"Clhwcm9qZWN0cy8xMDAyODIxNDUyNDczL2xvY2F0aW9ucy91cy1jZW50cmFsMS9idWlsZHMvMGM2MjRmMGUtMTkzOS00YjJhLWJkOWQtMmFiZDA0NzI1YTQwEnd1cy1jZW50cmFsMS1kb2NrZXIucGtnLmRldi9oYWxmLWF3YWtlLWV5ZXMvZ2NmLWFydGlmYWN0cy9oYWxmLS1hd2FrZS0tZXllc19fdXMtLWNlbnRyYWwxX190cmFzaF9lbWFpbF9tZXNzYWdlOnZlcnNpb25fMRi5hcTmlx0iSnByb2plY3RzL2hhbGYtYXdha2UtZXllcy9sb2NhdGlvbnMvdXMtY2VudHJhbDEvZnVuY3Rpb25zL3RyYXNoRW1haWxNZXNzYWdlKgwIoMuH0QYQqN2sxwMyCG5vZGVqczIwOnYKI2djci5pby9nYWUtcnVudGltZXMvbm9kZWpzMjA6c3RhYmxlEk91cy1jZW50cmFsMS1kb2NrZXIucGtnLmRldi9zZXJ2ZXJsZXNzLXJ1bnRpbWVzL2dvb2dsZS0yMi1mdWxsL3J1bnRpbWVzL25vZGVqczIwQAE=","serviceAccount":"projects/half-awake-eyes/serviceAccounts/1002821452473-compute@developer.gserviceaccount.com","automaticUpdatePolicy":{}},"serviceConfig":{"service":"projects/half-awake-eyes/locations/us-central1/services/listinboxmessages","timeoutSeconds":60,"environmentVariables":{"FIREBASE_CONFIG":"{\"projectId\":\"half-awake-eyes\",\"storageBucket\":\"half-awake-eyes.firebasestorage.app\"}","GCLOUD_PROJECT":"half-awake-eyes","EVENTARC_CLOUD_EVENT_SOURCE":"projects/half-awake-eyes/locations/us-central1/services/listInboxMessages","FUNCTION_TARGET":"listInboxMessages","LOG_EXECUTION_ID":"true","FUNCTION_SIGNATURE_TYPE":"http"},"maxInstanceCount":2,"ingressSettings":"ALLOW_ALL","uri":"https://listinboxmessages-mni4uoxhba-uc.a.run.app","serviceAccountEmail":"1002821452473-compute@developer.gserviceaccount.com","availableMemory":"256Mi","allTrafficOnLatestRevision":true,"secretEnvironmentVariables":[{"key":"IONOS_EMAIL","projectId":"half-awake-eyes","secret":"IONOS_EMAIL","version":"5"},{"key":"IONOS_PASSWORD","projectId":"half-awake-eyes","secret":"IONOS_PASSWORD","version":"4"}],"revision":"listinboxmessages-00008-lok","maxInstanceRequestConcurrency":80,"availableCpu":"1"},"state":"ACTIVE","labels":{"deployment-tool":"cli-firebase","deployment-callable":"true","firebase-functions-hash":"9049220809fcc689e07b78257906dac543117edc"},"environment":"GEN_2","url":"https://us-central1-half-awake-eyes.cloudfunctions.net/listInboxMessages","satisfiesPzi":true},"stages":[{"name":"BUILD","message":"Reusing build","state":"COMPLETE","resource":"projects/1002821452473/locations/us-central1/builds/0c624f0e-1939-4b2a-bd9d-2abd04725a40","stateMessages":[{"severity":"WARNING","type":"BuildAnalysisWarning","message":"Node.js 20 is no longer supported by the Node.js community as of 30 April, 2026. Runtime nodejs20 is currently deprecated for Cloud Functions. We recommend you to upgrade to the latest version of Node.js as soon as possible."}]},{"name":"SERVICE","message":"Updating Cloud Run service","state":"IN_PROGRESS","resource":"projects/half-awake-eyes/locations/us-central1/services/listinboxmessages","resourceUri":"https://console.cloud.google.com/run/detail/us-central1/listinboxmessages?project=half-awake-eyes","stateMessages":[{"severity":"INFO","type":"CloudRunServiceNewRevisionTrafficInfo","message":"A new revision will be deployed serving with 100% traffic."}]}],"sourceToken":"Clhwcm9qZWN0cy8xMDAyODIxNDUyNDczL2xvY2F0aW9ucy91cy1jZW50cmFsMS9idWlsZHMvMGM2MjRmMGUtMTkzOS00YjJhLWJkOWQtMmFiZDA0NzI1YTQwEnd1cy1jZW50cmFsMS1kb2NrZXIucGtnLmRldi9oYWxmLWF3YWtlLWV5ZXMvZ2NmLWFydGlmYWN0cy9oYWxmLS1hd2FrZS0tZXllc19fdXMtLWNlbnRyYWwxX190cmFzaF9lbWFpbF9tZXNzYWdlOnZlcnNpb25fMRi5hcTmlx0iSnByb2plY3RzL2hhbGYtYXdha2UtZXllcy9sb2NhdGlvbnMvdXMtY2VudHJhbDEvZnVuY3Rpb25zL3RyYXNoRW1haWxNZXNzYWdlKgwIoMuH0QYQqN2sxwMyCG5vZGVqczIwOnYKI2djci5pby9nYWUtcnVudGltZXMvbm9kZWpzMjA6c3RhYmxlEk91cy1jZW50cmFsMS1kb2NrZXIucGtnLmRldi9zZXJ2ZXJsZXNzLXJ1bnRpbWVzL2dvb2dsZS0yMi1mdWxsL3J1bnRpbWVzL25vZGVqczIwQAE=","operationType":"UPDATE_FUNCTION","buildName":"projects/1002821452473/locations/us-central1/builds/0c624f0e-1939-4b2a-bd9d-2abd04725a40"},"done":false}
[debug] [2026-06-04T20:52:56.977Z] Got source token Clhwcm9qZWN0cy8xMDAyODIxNDUyNDczL2xvY2F0aW9ucy91cy1jZW50cmFsMS9idWlsZHMvMGM2MjRmMGUtMTkzOS00YjJhLWJkOWQtMmFiZDA0NzI1YTQwEnd1cy1jZW50cmFsMS1kb2NrZXIucGtnLmRldi9oYWxmLWF3YWtlLWV5ZXMvZ2NmLWFydGlmYWN0cy9oYWxmLS1hd2FrZS0tZXllc19fdXMtLWNlbnRyYWwxX190cmFzaF9lbWFpbF9tZXNzYWdlOnZlcnNpb25fMRi5hcTmlx0iSnByb2plY3RzL2hhbGYtYXdha2UtZXllcy9sb2NhdGlvbnMvdXMtY2VudHJhbDEvZnVuY3Rpb25zL3RyYXNoRW1haWxNZXNzYWdlKgwIoMuH0QYQqN2sxwMyCG5vZGVqczIwOnYKI2djci5pby9nYWUtcnVudGltZXMvbm9kZWpzMjA6c3RhYmxlEk91cy1jZW50cmFsMS1kb2NrZXIucGtnLmRldi9zZXJ2ZXJsZXNzLXJ1bnRpbWVzL2dvb2dsZS0yMi1mdWxsL3J1bnRpbWVzL25vZGVqczIwQAE= for region us-central1
[debug] [2026-06-04T20:52:57.478Z] [update-default-us-central1-getEmailMessage] Retrying task index 0
[debug] [2026-06-04T20:52:57.478Z] Checked if tokens are valid: true, expires at: 1780609906142
[debug] [2026-06-04T20:52:57.478Z] Checked if tokens are valid: true, expires at: 1780609906142
[debug] [2026-06-04T20:52:57.478Z] >>> [apiv2][query] GET https://cloudfunctions.googleapis.com/v2/projects/half-awake-eyes/locations/us-central1/operations/operation-1780606375792-65373ba838e68-abc95ae0-f4c65338 [none]
[debug] [2026-06-04T20:52:57.479Z] [update-default-us-central1-listInboxMessages] Retrying task index 0
[debug] [2026-06-04T20:52:57.479Z] Checked if tokens are valid: true, expires at: 1780609906142
[debug] [2026-06-04T20:52:57.479Z] Checked if tokens are valid: true, expires at: 1780609906142
[debug] [2026-06-04T20:52:57.480Z] >>> [apiv2][query] GET https://cloudfunctions.googleapis.com/v2/projects/half-awake-eyes/locations/us-central1/operations/operation-1780606375766-65373ba832903-84ac1c36-c3222f49 [none]
[debug] [2026-06-04T20:52:57.647Z] <<< [apiv2][status] GET https://cloudfunctions.googleapis.com/v2/projects/half-awake-eyes/locations/us-central1/operations/operation-1780606375792-65373ba838e68-abc95ae0-f4c65338 200
[debug] [2026-06-04T20:52:57.647Z] <<< [apiv2][body] GET https://cloudfunctions.googleapis.com/v2/projects/half-awake-eyes/locations/us-central1/operations/operation-1780606375792-65373ba838e68-abc95ae0-f4c65338 {"name":"projects/half-awake-eyes/locations/us-central1/operations/operation-1780606375792-65373ba838e68-abc95ae0-f4c65338","metadata":{"@type":"type.googleapis.com/google.cloud.functions.v2.OperationMetadata","createTime":"2026-06-04T20:52:56.576582885Z","target":"projects/half-awake-eyes/locations/us-central1/functions/getEmailMessage","verb":"update","cancelRequested":false,"apiVersion":"v2","requestResource":{"@type":"type.googleapis.com/google.cloud.functions.v2.Function","name":"projects/half-awake-eyes/locations/us-central1/functions/getEmailMessage","buildConfig":{"runtime":"nodejs20","entryPoint":"getEmailMessage","source":{"storageSource":{"bucket":"gcf-v2-sources-1002821452473-us-central1","object":"getEmailMessage/function-source.zip","generation":"1780606376526512"}},"environmentVariables":{"GOOGLE_NODE_RUN_SCRIPTS":""},"dockerRepository":"projects/half-awake-eyes/locations/us-central1/repositories/gcf-artifacts","sourceProvenance":{"resolvedStorageSource":{"bucket":"gcf-v2-sources-1002821452473-us-central1","object":"getEmailMessage/function-source.zip","generation":"1780602104794615"}},"dockerRegistry":"ARTIFACT_REGISTRY","sourceToken":"Clhwcm9qZWN0cy8xMDAyODIxNDUyNDczL2xvY2F0aW9ucy91cy1jZW50cmFsMS9idWlsZHMvMGM2MjRmMGUtMTkzOS00YjJhLWJkOWQtMmFiZDA0NzI1YTQwEnd1cy1jZW50cmFsMS1kb2NrZXIucGtnLmRldi9oYWxmLWF3YWtlLWV5ZXMvZ2NmLWFydGlmYWN0cy9oYWxmLS1hd2FrZS0tZXllc19fdXMtLWNlbnRyYWwxX190cmFzaF9lbWFpbF9tZXNzYWdlOnZlcnNpb25fMRi5hcTmlx0iSnByb2plY3RzL2hhbGYtYXdha2UtZXllcy9sb2NhdGlvbnMvdXMtY2VudHJhbDEvZnVuY3Rpb25zL3RyYXNoRW1haWxNZXNzYWdlKgwIoMuH0QYQqN2sxwMyCG5vZGVqczIwOnYKI2djci5pby9nYWUtcnVudGltZXMvbm9kZWpzMjA6c3RhYmxlEk91cy1jZW50cmFsMS1kb2NrZXIucGtnLmRldi9zZXJ2ZXJsZXNzLXJ1bnRpbWVzL2dvb2dsZS0yMi1mdWxsL3J1bnRpbWVzL25vZGVqczIwQAE=","serviceAccount":"projects/half-awake-eyes/serviceAccounts/1002821452473-compute@developer.gserviceaccount.com","automaticUpdatePolicy":{}},"serviceConfig":{"service":"projects/half-awake-eyes/locations/us-central1/services/getemailmessage","timeoutSeconds":60,"environmentVariables":{"FIREBASE_CONFIG":"{\"projectId\":\"half-awake-eyes\",\"storageBucket\":\"half-awake-eyes.firebasestorage.app\"}","GCLOUD_PROJECT":"half-awake-eyes","EVENTARC_CLOUD_EVENT_SOURCE":"projects/half-awake-eyes/locations/us-central1/services/getEmailMessage","FUNCTION_TARGET":"getEmailMessage","LOG_EXECUTION_ID":"true","FUNCTION_SIGNATURE_TYPE":"http"},"maxInstanceCount":2,"ingressSettings":"ALLOW_ALL","uri":"https://getemailmessage-mni4uoxhba-uc.a.run.app","serviceAccountEmail":"1002821452473-compute@developer.gserviceaccount.com","availableMemory":"256Mi","allTrafficOnLatestRevision":true,"secretEnvironmentVariables":[{"key":"IONOS_EMAIL","projectId":"half-awake-eyes","secret":"IONOS_EMAIL","version":"5"},{"key":"IONOS_PASSWORD","projectId":"half-awake-eyes","secret":"IONOS_PASSWORD","version":"4"}],"revision":"getemailmessage-00008-nok","maxInstanceRequestConcurrency":80,"availableCpu":"1"},"state":"ACTIVE","labels":{"deployment-tool":"cli-firebase","deployment-callable":"true","firebase-functions-hash":"9049220809fcc689e07b78257906dac543117edc"},"environment":"GEN_2","url":"https://us-central1-half-awake-eyes.cloudfunctions.net/getEmailMessage","satisfiesPzi":true},"stages":[{"name":"BUILD","message":"Reusing build","state":"COMPLETE","resource":"projects/1002821452473/locations/us-central1/builds/0c624f0e-1939-4b2a-bd9d-2abd04725a40","stateMessages":[{"severity":"WARNING","type":"BuildAnalysisWarning","message":"Node.js 20 is no longer supported by the Node.js community as of 30 April, 2026. Runtime nodejs20 is currently deprecated for Cloud Functions. We recommend you to upgrade to the latest version of Node.js as soon as possible."}]},{"name":"SERVICE","message":"Updating Cloud Run service","state":"IN_PROGRESS","resource":"projects/half-awake-eyes/locations/us-central1/services/getemailmessage","resourceUri":"https://console.cloud.google.com/run/detail/us-central1/getemailmessage?project=half-awake-eyes","stateMessages":[{"severity":"INFO","type":"CloudRunServiceNewRevisionTrafficInfo","message":"A new revision will be deployed serving with 100% traffic."}]}],"sourceToken":"Clhwcm9qZWN0cy8xMDAyODIxNDUyNDczL2xvY2F0aW9ucy91cy1jZW50cmFsMS9idWlsZHMvMGM2MjRmMGUtMTkzOS00YjJhLWJkOWQtMmFiZDA0NzI1YTQwEnd1cy1jZW50cmFsMS1kb2NrZXIucGtnLmRldi9oYWxmLWF3YWtlLWV5ZXMvZ2NmLWFydGlmYWN0cy9oYWxmLS1hd2FrZS0tZXllc19fdXMtLWNlbnRyYWwxX190cmFzaF9lbWFpbF9tZXNzYWdlOnZlcnNpb25fMRi5hcTmlx0iSnByb2plY3RzL2hhbGYtYXdha2UtZXllcy9sb2NhdGlvbnMvdXMtY2VudHJhbDEvZnVuY3Rpb25zL3RyYXNoRW1haWxNZXNzYWdlKgwIoMuH0QYQqN2sxwMyCG5vZGVqczIwOnYKI2djci5pby9nYWUtcnVudGltZXMvbm9kZWpzMjA6c3RhYmxlEk91cy1jZW50cmFsMS1kb2NrZXIucGtnLmRldi9zZXJ2ZXJsZXNzLXJ1bnRpbWVzL2dvb2dsZS0yMi1mdWxsL3J1bnRpbWVzL25vZGVqczIwQAE=","operationType":"UPDATE_FUNCTION","buildName":"projects/1002821452473/locations/us-central1/builds/0c624f0e-1939-4b2a-bd9d-2abd04725a40"},"done":false}
[debug] [2026-06-04T20:52:57.647Z] Got source token Clhwcm9qZWN0cy8xMDAyODIxNDUyNDczL2xvY2F0aW9ucy91cy1jZW50cmFsMS9idWlsZHMvMGM2MjRmMGUtMTkzOS00YjJhLWJkOWQtMmFiZDA0NzI1YTQwEnd1cy1jZW50cmFsMS1kb2NrZXIucGtnLmRldi9oYWxmLWF3YWtlLWV5ZXMvZ2NmLWFydGlmYWN0cy9oYWxmLS1hd2FrZS0tZXllc19fdXMtLWNlbnRyYWwxX190cmFzaF9lbWFpbF9tZXNzYWdlOnZlcnNpb25fMRi5hcTmlx0iSnByb2plY3RzL2hhbGYtYXdha2UtZXllcy9sb2NhdGlvbnMvdXMtY2VudHJhbDEvZnVuY3Rpb25zL3RyYXNoRW1haWxNZXNzYWdlKgwIoMuH0QYQqN2sxwMyCG5vZGVqczIwOnYKI2djci5pby9nYWUtcnVudGltZXMvbm9kZWpzMjA6c3RhYmxlEk91cy1jZW50cmFsMS1kb2NrZXIucGtnLmRldi9zZXJ2ZXJsZXNzLXJ1bnRpbWVzL2dvb2dsZS0yMi1mdWxsL3J1bnRpbWVzL25vZGVqczIwQAE= for region us-central1
[debug] [2026-06-04T20:52:57.656Z] <<< [apiv2][status] GET https://cloudfunctions.googleapis.com/v2/projects/half-awake-eyes/locations/us-central1/operations/operation-1780606375796-65373ba839e9c-79401f49-b8c7d401 200
[debug] [2026-06-04T20:52:57.656Z] <<< [apiv2][body] GET https://cloudfunctions.googleapis.com/v2/projects/half-awake-eyes/locations/us-central1/operations/operation-1780606375796-65373ba839e9c-79401f49-b8c7d401 {"name":"projects/half-awake-eyes/locations/us-central1/operations/operation-1780606375796-65373ba839e9c-79401f49-b8c7d401","metadata":{"@type":"type.googleapis.com/google.cloud.functions.v2.OperationMetadata","createTime":"2026-06-04T20:52:56.626769399Z","target":"projects/half-awake-eyes/locations/us-central1/functions/sendAdminEmail","verb":"update","cancelRequested":false,"apiVersion":"v2","requestResource":{"@type":"type.googleapis.com/google.cloud.functions.v2.Function","name":"projects/half-awake-eyes/locations/us-central1/functions/sendAdminEmail","buildConfig":{"runtime":"nodejs20","entryPoint":"sendAdminEmail","source":{"storageSource":{"bucket":"gcf-v2-sources-1002821452473-us-central1","object":"sendAdminEmail/function-source.zip","generation":"1780606376580701"}},"environmentVariables":{"GOOGLE_NODE_RUN_SCRIPTS":""},"dockerRepository":"projects/half-awake-eyes/locations/us-central1/repositories/gcf-artifacts","sourceProvenance":{"resolvedStorageSource":{"bucket":"gcf-v2-sources-1002821452473-us-central1","object":"sendAdminEmail/function-source.zip","generation":"1780602104864430"}},"dockerRegistry":"ARTIFACT_REGISTRY","sourceToken":"Clhwcm9qZWN0cy8xMDAyODIxNDUyNDczL2xvY2F0aW9ucy91cy1jZW50cmFsMS9idWlsZHMvMGM2MjRmMGUtMTkzOS00YjJhLWJkOWQtMmFiZDA0NzI1YTQwEnd1cy1jZW50cmFsMS1kb2NrZXIucGtnLmRldi9oYWxmLWF3YWtlLWV5ZXMvZ2NmLWFydGlmYWN0cy9oYWxmLS1hd2FrZS0tZXllc19fdXMtLWNlbnRyYWwxX190cmFzaF9lbWFpbF9tZXNzYWdlOnZlcnNpb25fMRi5hcTmlx0iSnByb2plY3RzL2hhbGYtYXdha2UtZXllcy9sb2NhdGlvbnMvdXMtY2VudHJhbDEvZnVuY3Rpb25zL3RyYXNoRW1haWxNZXNzYWdlKgwIoMuH0QYQqN2sxwMyCG5vZGVqczIwOnYKI2djci5pby9nYWUtcnVudGltZXMvbm9kZWpzMjA6c3RhYmxlEk91cy1jZW50cmFsMS1kb2NrZXIucGtnLmRldi9zZXJ2ZXJsZXNzLXJ1bnRpbWVzL2dvb2dsZS0yMi1mdWxsL3J1bnRpbWVzL25vZGVqczIwQAE=","serviceAccount":"projects/half-awake-eyes/serviceAccounts/1002821452473-compute@developer.gserviceaccount.com","automaticUpdatePolicy":{}},"serviceConfig":{"service":"projects/half-awake-eyes/locations/us-central1/services/sendadminemail","timeoutSeconds":60,"environmentVariables":{"FIREBASE_CONFIG":"{\"projectId\":\"half-awake-eyes\",\"storageBucket\":\"half-awake-eyes.firebasestorage.app\"}","GCLOUD_PROJECT":"half-awake-eyes","EVENTARC_CLOUD_EVENT_SOURCE":"projects/half-awake-eyes/locations/us-central1/services/sendAdminEmail","FUNCTION_TARGET":"sendAdminEmail","LOG_EXECUTION_ID":"true","FUNCTION_SIGNATURE_TYPE":"http"},"maxInstanceCount":2,"ingressSettings":"ALLOW_ALL","uri":"https://sendadminemail-mni4uoxhba-uc.a.run.app","serviceAccountEmail":"1002821452473-compute@developer.gserviceaccount.com","availableMemory":"256Mi","allTrafficOnLatestRevision":true,"secretEnvironmentVariables":[{"key":"IONOS_EMAIL","projectId":"half-awake-eyes","secret":"IONOS_EMAIL","version":"5"},{"key":"IONOS_PASSWORD","projectId":"half-awake-eyes","secret":"IONOS_PASSWORD","version":"4"}],"revision":"sendadminemail-00008-far","maxInstanceRequestConcurrency":80,"availableCpu":"1"},"state":"ACTIVE","labels":{"deployment-tool":"cli-firebase","deployment-callable":"true","firebase-functions-hash":"9049220809fcc689e07b78257906dac543117edc"},"environment":"GEN_2","url":"https://us-central1-half-awake-eyes.cloudfunctions.net/sendAdminEmail","satisfiesPzi":true},"stages":[{"name":"BUILD","message":"Reusing build","state":"COMPLETE","resource":"projects/1002821452473/locations/us-central1/builds/0c624f0e-1939-4b2a-bd9d-2abd04725a40","stateMessages":[{"severity":"WARNING","type":"BuildAnalysisWarning","message":"Node.js 20 is no longer supported by the Node.js community as of 30 April, 2026. Runtime nodejs20 is currently deprecated for Cloud Functions. We recommend you to upgrade to the latest version of Node.js as soon as possible."}]},{"name":"SERVICE","message":"Updating Cloud Run service","state":"IN_PROGRESS","resource":"projects/half-awake-eyes/locations/us-central1/services/sendadminemail","resourceUri":"https://console.cloud.google.com/run/detail/us-central1/sendadminemail?project=half-awake-eyes","stateMessages":[{"severity":"INFO","type":"CloudRunServiceNewRevisionTrafficInfo","message":"A new revision will be deployed serving with 100% traffic."}]}],"sourceToken":"Clhwcm9qZWN0cy8xMDAyODIxNDUyNDczL2xvY2F0aW9ucy91cy1jZW50cmFsMS9idWlsZHMvMGM2MjRmMGUtMTkzOS00YjJhLWJkOWQtMmFiZDA0NzI1YTQwEnd1cy1jZW50cmFsMS1kb2NrZXIucGtnLmRldi9oYWxmLWF3YWtlLWV5ZXMvZ2NmLWFydGlmYWN0cy9oYWxmLS1hd2FrZS0tZXllc19fdXMtLWNlbnRyYWwxX190cmFzaF9lbWFpbF9tZXNzYWdlOnZlcnNpb25fMRi5hcTmlx0iSnByb2plY3RzL2hhbGYtYXdha2UtZXllcy9sb2NhdGlvbnMvdXMtY2VudHJhbDEvZnVuY3Rpb25zL3RyYXNoRW1haWxNZXNzYWdlKgwIoMuH0QYQqN2sxwMyCG5vZGVqczIwOnYKI2djci5pby9nYWUtcnVudGltZXMvbm9kZWpzMjA6c3RhYmxlEk91cy1jZW50cmFsMS1kb2NrZXIucGtnLmRldi9zZXJ2ZXJsZXNzLXJ1bnRpbWVzL2dvb2dsZS0yMi1mdWxsL3J1bnRpbWVzL25vZGVqczIwQAE=","operationType":"UPDATE_FUNCTION","buildName":"projects/1002821452473/locations/us-central1/builds/0c624f0e-1939-4b2a-bd9d-2abd04725a40"},"done":false}
[debug] [2026-06-04T20:52:57.656Z] Got source token Clhwcm9qZWN0cy8xMDAyODIxNDUyNDczL2xvY2F0aW9ucy91cy1jZW50cmFsMS9idWlsZHMvMGM2MjRmMGUtMTkzOS00YjJhLWJkOWQtMmFiZDA0NzI1YTQwEnd1cy1jZW50cmFsMS1kb2NrZXIucGtnLmRldi9oYWxmLWF3YWtlLWV5ZXMvZ2NmLWFydGlmYWN0cy9oYWxmLS1hd2FrZS0tZXllc19fdXMtLWNlbnRyYWwxX190cmFzaF9lbWFpbF9tZXNzYWdlOnZlcnNpb25fMRi5hcTmlx0iSnByb2plY3RzL2hhbGYtYXdha2UtZXllcy9sb2NhdGlvbnMvdXMtY2VudHJhbDEvZnVuY3Rpb25zL3RyYXNoRW1haWxNZXNzYWdlKgwIoMuH0QYQqN2sxwMyCG5vZGVqczIwOnYKI2djci5pby9nYWUtcnVudGltZXMvbm9kZWpzMjA6c3RhYmxlEk91cy1jZW50cmFsMS1kb2NrZXIucGtnLmRldi9zZXJ2ZXJsZXNzLXJ1bnRpbWVzL2dvb2dsZS0yMi1mdWxsL3J1bnRpbWVzL25vZGVqczIwQAE= for region us-central1
[debug] [2026-06-04T20:52:58.183Z] <<< [apiv2][status] GET https://cloudfunctions.googleapis.com/v2/projects/half-awake-eyes/locations/us-central1/operations/operation-1780606375766-65373ba832903-84ac1c36-c3222f49 200
[debug] [2026-06-04T20:52:58.183Z] <<< [apiv2][body] GET https://cloudfunctions.googleapis.com/v2/projects/half-awake-eyes/locations/us-central1/operations/operation-1780606375766-65373ba832903-84ac1c36-c3222f49 {"name":"projects/half-awake-eyes/locations/us-central1/operations/operation-1780606375766-65373ba832903-84ac1c36-c3222f49","metadata":{"@type":"type.googleapis.com/google.cloud.functions.v2.OperationMetadata","createTime":"2026-06-04T20:52:56.604882588Z","target":"projects/half-awake-eyes/locations/us-central1/functions/listInboxMessages","verb":"update","cancelRequested":false,"apiVersion":"v2","requestResource":{"@type":"type.googleapis.com/google.cloud.functions.v2.Function","name":"projects/half-awake-eyes/locations/us-central1/functions/listInboxMessages","buildConfig":{"runtime":"nodejs20","entryPoint":"listInboxMessages","source":{"storageSource":{"bucket":"gcf-v2-sources-1002821452473-us-central1","object":"listInboxMessages/function-source.zip","generation":"1780606376558218"}},"environmentVariables":{"GOOGLE_NODE_RUN_SCRIPTS":""},"dockerRepository":"projects/half-awake-eyes/locations/us-central1/repositories/gcf-artifacts","sourceProvenance":{"resolvedStorageSource":{"bucket":"gcf-v2-sources-1002821452473-us-central1","object":"listInboxMessages/function-source.zip","generation":"1780602062407176"}},"dockerRegistry":"ARTIFACT_REGISTRY","sourceToken":"Clhwcm9qZWN0cy8xMDAyODIxNDUyNDczL2xvY2F0aW9ucy91cy1jZW50cmFsMS9idWlsZHMvMGM2MjRmMGUtMTkzOS00YjJhLWJkOWQtMmFiZDA0NzI1YTQwEnd1cy1jZW50cmFsMS1kb2NrZXIucGtnLmRldi9oYWxmLWF3YWtlLWV5ZXMvZ2NmLWFydGlmYWN0cy9oYWxmLS1hd2FrZS0tZXllc19fdXMtLWNlbnRyYWwxX190cmFzaF9lbWFpbF9tZXNzYWdlOnZlcnNpb25fMRi5hcTmlx0iSnByb2plY3RzL2hhbGYtYXdha2UtZXllcy9sb2NhdGlvbnMvdXMtY2VudHJhbDEvZnVuY3Rpb25zL3RyYXNoRW1haWxNZXNzYWdlKgwIoMuH0QYQqN2sxwMyCG5vZGVqczIwOnYKI2djci5pby9nYWUtcnVudGltZXMvbm9kZWpzMjA6c3RhYmxlEk91cy1jZW50cmFsMS1kb2NrZXIucGtnLmRldi9zZXJ2ZXJsZXNzLXJ1bnRpbWVzL2dvb2dsZS0yMi1mdWxsL3J1bnRpbWVzL25vZGVqczIwQAE=","serviceAccount":"projects/half-awake-eyes/serviceAccounts/1002821452473-compute@developer.gserviceaccount.com","automaticUpdatePolicy":{}},"serviceConfig":{"service":"projects/half-awake-eyes/locations/us-central1/services/listinboxmessages","timeoutSeconds":60,"environmentVariables":{"FIREBASE_CONFIG":"{\"projectId\":\"half-awake-eyes\",\"storageBucket\":\"half-awake-eyes.firebasestorage.app\"}","GCLOUD_PROJECT":"half-awake-eyes","EVENTARC_CLOUD_EVENT_SOURCE":"projects/half-awake-eyes/locations/us-central1/services/listInboxMessages","FUNCTION_TARGET":"listInboxMessages","LOG_EXECUTION_ID":"true","FUNCTION_SIGNATURE_TYPE":"http"},"maxInstanceCount":2,"ingressSettings":"ALLOW_ALL","uri":"https://listinboxmessages-mni4uoxhba-uc.a.run.app","serviceAccountEmail":"1002821452473-compute@developer.gserviceaccount.com","availableMemory":"256Mi","allTrafficOnLatestRevision":true,"secretEnvironmentVariables":[{"key":"IONOS_EMAIL","projectId":"half-awake-eyes","secret":"IONOS_EMAIL","version":"5"},{"key":"IONOS_PASSWORD","projectId":"half-awake-eyes","secret":"IONOS_PASSWORD","version":"4"}],"revision":"listinboxmessages-00008-lok","maxInstanceRequestConcurrency":80,"availableCpu":"1"},"state":"ACTIVE","labels":{"deployment-tool":"cli-firebase","deployment-callable":"true","firebase-functions-hash":"9049220809fcc689e07b78257906dac543117edc"},"environment":"GEN_2","url":"https://us-central1-half-awake-eyes.cloudfunctions.net/listInboxMessages","satisfiesPzi":true},"stages":[{"name":"BUILD","message":"Reusing build","state":"COMPLETE","resource":"projects/1002821452473/locations/us-central1/builds/0c624f0e-1939-4b2a-bd9d-2abd04725a40","stateMessages":[{"severity":"WARNING","type":"BuildAnalysisWarning","message":"Node.js 20 is no longer supported by the Node.js community as of 30 April, 2026. Runtime nodejs20 is currently deprecated for Cloud Functions. We recommend you to upgrade to the latest version of Node.js as soon as possible."}]},{"name":"SERVICE","message":"Updating Cloud Run service","state":"IN_PROGRESS","resource":"projects/half-awake-eyes/locations/us-central1/services/listinboxmessages","resourceUri":"https://console.cloud.google.com/run/detail/us-central1/listinboxmessages?project=half-awake-eyes","stateMessages":[{"severity":"INFO","type":"CloudRunServiceNewRevisionTrafficInfo","message":"A new revision will be deployed serving with 100% traffic."}]}],"sourceToken":"Clhwcm9qZWN0cy8xMDAyODIxNDUyNDczL2xvY2F0aW9ucy91cy1jZW50cmFsMS9idWlsZHMvMGM2MjRmMGUtMTkzOS00YjJhLWJkOWQtMmFiZDA0NzI1YTQwEnd1cy1jZW50cmFsMS1kb2NrZXIucGtnLmRldi9oYWxmLWF3YWtlLWV5ZXMvZ2NmLWFydGlmYWN0cy9oYWxmLS1hd2FrZS0tZXllc19fdXMtLWNlbnRyYWwxX190cmFzaF9lbWFpbF9tZXNzYWdlOnZlcnNpb25fMRi5hcTmlx0iSnByb2plY3RzL2hhbGYtYXdha2UtZXllcy9sb2NhdGlvbnMvdXMtY2VudHJhbDEvZnVuY3Rpb25zL3RyYXNoRW1haWxNZXNzYWdlKgwIoMuH0QYQqN2sxwMyCG5vZGVqczIwOnYKI2djci5pby9nYWUtcnVudGltZXMvbm9kZWpzMjA6c3RhYmxlEk91cy1jZW50cmFsMS1kb2NrZXIucGtnLmRldi9zZXJ2ZXJsZXNzLXJ1bnRpbWVzL2dvb2dsZS0yMi1mdWxsL3J1bnRpbWVzL25vZGVqczIwQAE=","operationType":"UPDATE_FUNCTION","buildName":"projects/1002821452473/locations/us-central1/builds/0c624f0e-1939-4b2a-bd9d-2abd04725a40"},"done":false}
[debug] [2026-06-04T20:52:58.183Z] Got source token Clhwcm9qZWN0cy8xMDAyODIxNDUyNDczL2xvY2F0aW9ucy91cy1jZW50cmFsMS9idWlsZHMvMGM2MjRmMGUtMTkzOS00YjJhLWJkOWQtMmFiZDA0NzI1YTQwEnd1cy1jZW50cmFsMS1kb2NrZXIucGtnLmRldi9oYWxmLWF3YWtlLWV5ZXMvZ2NmLWFydGlmYWN0cy9oYWxmLS1hd2FrZS0tZXllc19fdXMtLWNlbnRyYWwxX190cmFzaF9lbWFpbF9tZXNzYWdlOnZlcnNpb25fMRi5hcTmlx0iSnByb2plY3RzL2hhbGYtYXdha2UtZXllcy9sb2NhdGlvbnMvdXMtY2VudHJhbDEvZnVuY3Rpb25zL3RyYXNoRW1haWxNZXNzYWdlKgwIoMuH0QYQqN2sxwMyCG5vZGVqczIwOnYKI2djci5pby9nYWUtcnVudGltZXMvbm9kZWpzMjA6c3RhYmxlEk91cy1jZW50cmFsMS1kb2NrZXIucGtnLmRldi9zZXJ2ZXJsZXNzLXJ1bnRpbWVzL2dvb2dsZS0yMi1mdWxsL3J1bnRpbWVzL25vZGVqczIwQAE= for region us-central1
[debug] [2026-06-04T20:52:58.648Z] [update-default-us-central1-getEmailMessage] Retrying task index 0
[debug] [2026-06-04T20:52:58.648Z] Checked if tokens are valid: true, expires at: 1780609906142
[debug] [2026-06-04T20:52:58.648Z] Checked if tokens are valid: true, expires at: 1780609906142
[debug] [2026-06-04T20:52:58.649Z] >>> [apiv2][query] GET https://cloudfunctions.googleapis.com/v2/projects/half-awake-eyes/locations/us-central1/operations/operation-1780606375792-65373ba838e68-abc95ae0-f4c65338 [none]
[debug] [2026-06-04T20:52:58.664Z] [update-default-us-central1-sendAdminEmail] Retrying task index 0
[debug] [2026-06-04T20:52:58.664Z] Checked if tokens are valid: true, expires at: 1780609906142
[debug] [2026-06-04T20:52:58.664Z] Checked if tokens are valid: true, expires at: 1780609906142
[debug] [2026-06-04T20:52:58.664Z] >>> [apiv2][query] GET https://cloudfunctions.googleapis.com/v2/projects/half-awake-eyes/locations/us-central1/operations/operation-1780606375796-65373ba839e9c-79401f49-b8c7d401 [none]
[debug] [2026-06-04T20:52:58.827Z] <<< [apiv2][status] GET https://cloudfunctions.googleapis.com/v2/projects/half-awake-eyes/locations/us-central1/operations/operation-1780606375796-65373ba839e9c-79401f49-b8c7d401 200
[debug] [2026-06-04T20:52:58.827Z] <<< [apiv2][body] GET https://cloudfunctions.googleapis.com/v2/projects/half-awake-eyes/locations/us-central1/operations/operation-1780606375796-65373ba839e9c-79401f49-b8c7d401 {"name":"projects/half-awake-eyes/locations/us-central1/operations/operation-1780606375796-65373ba839e9c-79401f49-b8c7d401","metadata":{"@type":"type.googleapis.com/google.cloud.functions.v2.OperationMetadata","createTime":"2026-06-04T20:52:56.626769399Z","target":"projects/half-awake-eyes/locations/us-central1/functions/sendAdminEmail","verb":"update","cancelRequested":false,"apiVersion":"v2","requestResource":{"@type":"type.googleapis.com/google.cloud.functions.v2.Function","name":"projects/half-awake-eyes/locations/us-central1/functions/sendAdminEmail","buildConfig":{"runtime":"nodejs20","entryPoint":"sendAdminEmail","source":{"storageSource":{"bucket":"gcf-v2-sources-1002821452473-us-central1","object":"sendAdminEmail/function-source.zip","generation":"1780606376580701"}},"environmentVariables":{"GOOGLE_NODE_RUN_SCRIPTS":""},"dockerRepository":"projects/half-awake-eyes/locations/us-central1/repositories/gcf-artifacts","sourceProvenance":{"resolvedStorageSource":{"bucket":"gcf-v2-sources-1002821452473-us-central1","object":"sendAdminEmail/function-source.zip","generation":"1780602104864430"}},"dockerRegistry":"ARTIFACT_REGISTRY","sourceToken":"Clhwcm9qZWN0cy8xMDAyODIxNDUyNDczL2xvY2F0aW9ucy91cy1jZW50cmFsMS9idWlsZHMvMGM2MjRmMGUtMTkzOS00YjJhLWJkOWQtMmFiZDA0NzI1YTQwEnd1cy1jZW50cmFsMS1kb2NrZXIucGtnLmRldi9oYWxmLWF3YWtlLWV5ZXMvZ2NmLWFydGlmYWN0cy9oYWxmLS1hd2FrZS0tZXllc19fdXMtLWNlbnRyYWwxX190cmFzaF9lbWFpbF9tZXNzYWdlOnZlcnNpb25fMRi5hcTmlx0iSnByb2plY3RzL2hhbGYtYXdha2UtZXllcy9sb2NhdGlvbnMvdXMtY2VudHJhbDEvZnVuY3Rpb25zL3RyYXNoRW1haWxNZXNzYWdlKgwIoMuH0QYQqN2sxwMyCG5vZGVqczIwOnYKI2djci5pby9nYWUtcnVudGltZXMvbm9kZWpzMjA6c3RhYmxlEk91cy1jZW50cmFsMS1kb2NrZXIucGtnLmRldi9zZXJ2ZXJsZXNzLXJ1bnRpbWVzL2dvb2dsZS0yMi1mdWxsL3J1bnRpbWVzL25vZGVqczIwQAE=","serviceAccount":"projects/half-awake-eyes/serviceAccounts/1002821452473-compute@developer.gserviceaccount.com","automaticUpdatePolicy":{}},"serviceConfig":{"service":"projects/half-awake-eyes/locations/us-central1/services/sendadminemail","timeoutSeconds":60,"environmentVariables":{"FIREBASE_CONFIG":"{\"projectId\":\"half-awake-eyes\",\"storageBucket\":\"half-awake-eyes.firebasestorage.app\"}","GCLOUD_PROJECT":"half-awake-eyes","EVENTARC_CLOUD_EVENT_SOURCE":"projects/half-awake-eyes/locations/us-central1/services/sendAdminEmail","FUNCTION_TARGET":"sendAdminEmail","LOG_EXECUTION_ID":"true","FUNCTION_SIGNATURE_TYPE":"http"},"maxInstanceCount":2,"ingressSettings":"ALLOW_ALL","uri":"https://sendadminemail-mni4uoxhba-uc.a.run.app","serviceAccountEmail":"1002821452473-compute@developer.gserviceaccount.com","availableMemory":"256Mi","allTrafficOnLatestRevision":true,"secretEnvironmentVariables":[{"key":"IONOS_EMAIL","projectId":"half-awake-eyes","secret":"IONOS_EMAIL","version":"5"},{"key":"IONOS_PASSWORD","projectId":"half-awake-eyes","secret":"IONOS_PASSWORD","version":"4"}],"revision":"sendadminemail-00008-far","maxInstanceRequestConcurrency":80,"availableCpu":"1"},"state":"ACTIVE","labels":{"deployment-tool":"cli-firebase","deployment-callable":"true","firebase-functions-hash":"9049220809fcc689e07b78257906dac543117edc"},"environment":"GEN_2","url":"https://us-central1-half-awake-eyes.cloudfunctions.net/sendAdminEmail","satisfiesPzi":true},"stages":[{"name":"BUILD","message":"Reusing build","state":"COMPLETE","resource":"projects/1002821452473/locations/us-central1/builds/0c624f0e-1939-4b2a-bd9d-2abd04725a40","stateMessages":[{"severity":"WARNING","type":"BuildAnalysisWarning","message":"Node.js 20 is no longer supported by the Node.js community as of 30 April, 2026. Runtime nodejs20 is currently deprecated for Cloud Functions. We recommend you to upgrade to the latest version of Node.js as soon as possible."}]},{"name":"SERVICE","message":"Updating Cloud Run service","state":"IN_PROGRESS","resource":"projects/half-awake-eyes/locations/us-central1/services/sendadminemail","resourceUri":"https://console.cloud.google.com/run/detail/us-central1/sendadminemail?project=half-awake-eyes","stateMessages":[{"severity":"INFO","type":"CloudRunServiceNewRevisionTrafficInfo","message":"A new revision will be deployed serving with 100% traffic."}]}],"sourceToken":"Clhwcm9qZWN0cy8xMDAyODIxNDUyNDczL2xvY2F0aW9ucy91cy1jZW50cmFsMS9idWlsZHMvMGM2MjRmMGUtMTkzOS00YjJhLWJkOWQtMmFiZDA0NzI1YTQwEnd1cy1jZW50cmFsMS1kb2NrZXIucGtnLmRldi9oYWxmLWF3YWtlLWV5ZXMvZ2NmLWFydGlmYWN0cy9oYWxmLS1hd2FrZS0tZXllc19fdXMtLWNlbnRyYWwxX190cmFzaF9lbWFpbF9tZXNzYWdlOnZlcnNpb25fMRi5hcTmlx0iSnByb2plY3RzL2hhbGYtYXdha2UtZXllcy9sb2NhdGlvbnMvdXMtY2VudHJhbDEvZnVuY3Rpb25zL3RyYXNoRW1haWxNZXNzYWdlKgwIoMuH0QYQqN2sxwMyCG5vZGVqczIwOnYKI2djci5pby9nYWUtcnVudGltZXMvbm9kZWpzMjA6c3RhYmxlEk91cy1jZW50cmFsMS1kb2NrZXIucGtnLmRldi9zZXJ2ZXJsZXNzLXJ1bnRpbWVzL2dvb2dsZS0yMi1mdWxsL3J1bnRpbWVzL25vZGVqczIwQAE=","operationType":"UPDATE_FUNCTION","buildName":"projects/1002821452473/locations/us-central1/builds/0c624f0e-1939-4b2a-bd9d-2abd04725a40"},"done":false}
[debug] [2026-06-04T20:52:58.827Z] Got source token Clhwcm9qZWN0cy8xMDAyODIxNDUyNDczL2xvY2F0aW9ucy91cy1jZW50cmFsMS9idWlsZHMvMGM2MjRmMGUtMTkzOS00YjJhLWJkOWQtMmFiZDA0NzI1YTQwEnd1cy1jZW50cmFsMS1kb2NrZXIucGtnLmRldi9oYWxmLWF3YWtlLWV5ZXMvZ2NmLWFydGlmYWN0cy9oYWxmLS1hd2FrZS0tZXllc19fdXMtLWNlbnRyYWwxX190cmFzaF9lbWFpbF9tZXNzYWdlOnZlcnNpb25fMRi5hcTmlx0iSnByb2plY3RzL2hhbGYtYXdha2UtZXllcy9sb2NhdGlvbnMvdXMtY2VudHJhbDEvZnVuY3Rpb25zL3RyYXNoRW1haWxNZXNzYWdlKgwIoMuH0QYQqN2sxwMyCG5vZGVqczIwOnYKI2djci5pby9nYWUtcnVudGltZXMvbm9kZWpzMjA6c3RhYmxlEk91cy1jZW50cmFsMS1kb2NrZXIucGtnLmRldi9zZXJ2ZXJsZXNzLXJ1bnRpbWVzL2dvb2dsZS0yMi1mdWxsL3J1bnRpbWVzL25vZGVqczIwQAE= for region us-central1
[debug] [2026-06-04T20:52:59.191Z] [update-default-us-central1-listInboxMessages] Retrying task index 0
[debug] [2026-06-04T20:52:59.192Z] Checked if tokens are valid: true, expires at: 1780609906142
[debug] [2026-06-04T20:52:59.192Z] Checked if tokens are valid: true, expires at: 1780609906142
[debug] [2026-06-04T20:52:59.192Z] >>> [apiv2][query] GET https://cloudfunctions.googleapis.com/v2/projects/half-awake-eyes/locations/us-central1/operations/operation-1780606375766-65373ba832903-84ac1c36-c3222f49 [none]
[debug] [2026-06-04T20:52:59.325Z] <<< [apiv2][status] GET https://cloudfunctions.googleapis.com/v2/projects/half-awake-eyes/locations/us-central1/operations/operation-1780606375792-65373ba838e68-abc95ae0-f4c65338 200
[debug] [2026-06-04T20:52:59.325Z] <<< [apiv2][body] GET https://cloudfunctions.googleapis.com/v2/projects/half-awake-eyes/locations/us-central1/operations/operation-1780606375792-65373ba838e68-abc95ae0-f4c65338 {"name":"projects/half-awake-eyes/locations/us-central1/operations/operation-1780606375792-65373ba838e68-abc95ae0-f4c65338","metadata":{"@type":"type.googleapis.com/google.cloud.functions.v2.OperationMetadata","createTime":"2026-06-04T20:52:56.576582885Z","target":"projects/half-awake-eyes/locations/us-central1/functions/getEmailMessage","verb":"update","cancelRequested":false,"apiVersion":"v2","requestResource":{"@type":"type.googleapis.com/google.cloud.functions.v2.Function","name":"projects/half-awake-eyes/locations/us-central1/functions/getEmailMessage","buildConfig":{"runtime":"nodejs20","entryPoint":"getEmailMessage","source":{"storageSource":{"bucket":"gcf-v2-sources-1002821452473-us-central1","object":"getEmailMessage/function-source.zip","generation":"1780606376526512"}},"environmentVariables":{"GOOGLE_NODE_RUN_SCRIPTS":""},"dockerRepository":"projects/half-awake-eyes/locations/us-central1/repositories/gcf-artifacts","sourceProvenance":{"resolvedStorageSource":{"bucket":"gcf-v2-sources-1002821452473-us-central1","object":"getEmailMessage/function-source.zip","generation":"1780602104794615"}},"dockerRegistry":"ARTIFACT_REGISTRY","sourceToken":"Clhwcm9qZWN0cy8xMDAyODIxNDUyNDczL2xvY2F0aW9ucy91cy1jZW50cmFsMS9idWlsZHMvMGM2MjRmMGUtMTkzOS00YjJhLWJkOWQtMmFiZDA0NzI1YTQwEnd1cy1jZW50cmFsMS1kb2NrZXIucGtnLmRldi9oYWxmLWF3YWtlLWV5ZXMvZ2NmLWFydGlmYWN0cy9oYWxmLS1hd2FrZS0tZXllc19fdXMtLWNlbnRyYWwxX190cmFzaF9lbWFpbF9tZXNzYWdlOnZlcnNpb25fMRi5hcTmlx0iSnByb2plY3RzL2hhbGYtYXdha2UtZXllcy9sb2NhdGlvbnMvdXMtY2VudHJhbDEvZnVuY3Rpb25zL3RyYXNoRW1haWxNZXNzYWdlKgwIoMuH0QYQqN2sxwMyCG5vZGVqczIwOnYKI2djci5pby9nYWUtcnVudGltZXMvbm9kZWpzMjA6c3RhYmxlEk91cy1jZW50cmFsMS1kb2NrZXIucGtnLmRldi9zZXJ2ZXJsZXNzLXJ1bnRpbWVzL2dvb2dsZS0yMi1mdWxsL3J1bnRpbWVzL25vZGVqczIwQAE=","serviceAccount":"projects/half-awake-eyes/serviceAccounts/1002821452473-compute@developer.gserviceaccount.com","automaticUpdatePolicy":{}},"serviceConfig":{"service":"projects/half-awake-eyes/locations/us-central1/services/getemailmessage","timeoutSeconds":60,"environmentVariables":{"FIREBASE_CONFIG":"{\"projectId\":\"half-awake-eyes\",\"storageBucket\":\"half-awake-eyes.firebasestorage.app\"}","GCLOUD_PROJECT":"half-awake-eyes","EVENTARC_CLOUD_EVENT_SOURCE":"projects/half-awake-eyes/locations/us-central1/services/getEmailMessage","FUNCTION_TARGET":"getEmailMessage","LOG_EXECUTION_ID":"true","FUNCTION_SIGNATURE_TYPE":"http"},"maxInstanceCount":2,"ingressSettings":"ALLOW_ALL","uri":"https://getemailmessage-mni4uoxhba-uc.a.run.app","serviceAccountEmail":"1002821452473-compute@developer.gserviceaccount.com","availableMemory":"256Mi","allTrafficOnLatestRevision":true,"secretEnvironmentVariables":[{"key":"IONOS_EMAIL","projectId":"half-awake-eyes","secret":"IONOS_EMAIL","version":"5"},{"key":"IONOS_PASSWORD","projectId":"half-awake-eyes","secret":"IONOS_PASSWORD","version":"4"}],"revision":"getemailmessage-00008-nok","maxInstanceRequestConcurrency":80,"availableCpu":"1"},"state":"ACTIVE","labels":{"deployment-tool":"cli-firebase","deployment-callable":"true","firebase-functions-hash":"9049220809fcc689e07b78257906dac543117edc"},"environment":"GEN_2","url":"https://us-central1-half-awake-eyes.cloudfunctions.net/getEmailMessage","satisfiesPzi":true},"stages":[{"name":"BUILD","message":"Reusing build","state":"COMPLETE","resource":"projects/1002821452473/locations/us-central1/builds/0c624f0e-1939-4b2a-bd9d-2abd04725a40","stateMessages":[{"severity":"WARNING","type":"BuildAnalysisWarning","message":"Node.js 20 is no longer supported by the Node.js community as of 30 April, 2026. Runtime nodejs20 is currently deprecated for Cloud Functions. We recommend you to upgrade to the latest version of Node.js as soon as possible."}]},{"name":"SERVICE","message":"Updating Cloud Run service","state":"IN_PROGRESS","resource":"projects/half-awake-eyes/locations/us-central1/services/getemailmessage","resourceUri":"https://console.cloud.google.com/run/detail/us-central1/getemailmessage?project=half-awake-eyes","stateMessages":[{"severity":"INFO","type":"CloudRunServiceNewRevisionTrafficInfo","message":"A new revision will be deployed serving with 100% traffic."}]}],"sourceToken":"Clhwcm9qZWN0cy8xMDAyODIxNDUyNDczL2xvY2F0aW9ucy91cy1jZW50cmFsMS9idWlsZHMvMGM2MjRmMGUtMTkzOS00YjJhLWJkOWQtMmFiZDA0NzI1YTQwEnd1cy1jZW50cmFsMS1kb2NrZXIucGtnLmRldi9oYWxmLWF3YWtlLWV5ZXMvZ2NmLWFydGlmYWN0cy9oYWxmLS1hd2FrZS0tZXllc19fdXMtLWNlbnRyYWwxX190cmFzaF9lbWFpbF9tZXNzYWdlOnZlcnNpb25fMRi5hcTmlx0iSnByb2plY3RzL2hhbGYtYXdha2UtZXllcy9sb2NhdGlvbnMvdXMtY2VudHJhbDEvZnVuY3Rpb25zL3RyYXNoRW1haWxNZXNzYWdlKgwIoMuH0QYQqN2sxwMyCG5vZGVqczIwOnYKI2djci5pby9nYWUtcnVudGltZXMvbm9kZWpzMjA6c3RhYmxlEk91cy1jZW50cmFsMS1kb2NrZXIucGtnLmRldi9zZXJ2ZXJsZXNzLXJ1bnRpbWVzL2dvb2dsZS0yMi1mdWxsL3J1bnRpbWVzL25vZGVqczIwQAE=","operationType":"UPDATE_FUNCTION","buildName":"projects/1002821452473/locations/us-central1/builds/0c624f0e-1939-4b2a-bd9d-2abd04725a40"},"done":false}
[debug] [2026-06-04T20:52:59.325Z] Got source token Clhwcm9qZWN0cy8xMDAyODIxNDUyNDczL2xvY2F0aW9ucy91cy1jZW50cmFsMS9idWlsZHMvMGM2MjRmMGUtMTkzOS00YjJhLWJkOWQtMmFiZDA0NzI1YTQwEnd1cy1jZW50cmFsMS1kb2NrZXIucGtnLmRldi9oYWxmLWF3YWtlLWV5ZXMvZ2NmLWFydGlmYWN0cy9oYWxmLS1hd2FrZS0tZXllc19fdXMtLWNlbnRyYWwxX190cmFzaF9lbWFpbF9tZXNzYWdlOnZlcnNpb25fMRi5hcTmlx0iSnByb2plY3RzL2hhbGYtYXdha2UtZXllcy9sb2NhdGlvbnMvdXMtY2VudHJhbDEvZnVuY3Rpb25zL3RyYXNoRW1haWxNZXNzYWdlKgwIoMuH0QYQqN2sxwMyCG5vZGVqczIwOnYKI2djci5pby9nYWUtcnVudGltZXMvbm9kZWpzMjA6c3RhYmxlEk91cy1jZW50cmFsMS1kb2NrZXIucGtnLmRldi9zZXJ2ZXJsZXNzLXJ1bnRpbWVzL2dvb2dsZS0yMi1mdWxsL3J1bnRpbWVzL25vZGVqczIwQAE= for region us-central1
[debug] [2026-06-04T20:52:59.869Z] <<< [apiv2][status] GET https://cloudfunctions.googleapis.com/v2/projects/half-awake-eyes/locations/us-central1/operations/operation-1780606375766-65373ba832903-84ac1c36-c3222f49 200
[debug] [2026-06-04T20:52:59.869Z] <<< [apiv2][body] GET https://cloudfunctions.googleapis.com/v2/projects/half-awake-eyes/locations/us-central1/operations/operation-1780606375766-65373ba832903-84ac1c36-c3222f49 {"name":"projects/half-awake-eyes/locations/us-central1/operations/operation-1780606375766-65373ba832903-84ac1c36-c3222f49","metadata":{"@type":"type.googleapis.com/google.cloud.functions.v2.OperationMetadata","createTime":"2026-06-04T20:52:56.604882588Z","target":"projects/half-awake-eyes/locations/us-central1/functions/listInboxMessages","verb":"update","cancelRequested":false,"apiVersion":"v2","requestResource":{"@type":"type.googleapis.com/google.cloud.functions.v2.Function","name":"projects/half-awake-eyes/locations/us-central1/functions/listInboxMessages","buildConfig":{"runtime":"nodejs20","entryPoint":"listInboxMessages","source":{"storageSource":{"bucket":"gcf-v2-sources-1002821452473-us-central1","object":"listInboxMessages/function-source.zip","generation":"1780606376558218"}},"environmentVariables":{"GOOGLE_NODE_RUN_SCRIPTS":""},"dockerRepository":"projects/half-awake-eyes/locations/us-central1/repositories/gcf-artifacts","sourceProvenance":{"resolvedStorageSource":{"bucket":"gcf-v2-sources-1002821452473-us-central1","object":"listInboxMessages/function-source.zip","generation":"1780602062407176"}},"dockerRegistry":"ARTIFACT_REGISTRY","sourceToken":"Clhwcm9qZWN0cy8xMDAyODIxNDUyNDczL2xvY2F0aW9ucy91cy1jZW50cmFsMS9idWlsZHMvMGM2MjRmMGUtMTkzOS00YjJhLWJkOWQtMmFiZDA0NzI1YTQwEnd1cy1jZW50cmFsMS1kb2NrZXIucGtnLmRldi9oYWxmLWF3YWtlLWV5ZXMvZ2NmLWFydGlmYWN0cy9oYWxmLS1hd2FrZS0tZXllc19fdXMtLWNlbnRyYWwxX190cmFzaF9lbWFpbF9tZXNzYWdlOnZlcnNpb25fMRi5hcTmlx0iSnByb2plY3RzL2hhbGYtYXdha2UtZXllcy9sb2NhdGlvbnMvdXMtY2VudHJhbDEvZnVuY3Rpb25zL3RyYXNoRW1haWxNZXNzYWdlKgwIoMuH0QYQqN2sxwMyCG5vZGVqczIwOnYKI2djci5pby9nYWUtcnVudGltZXMvbm9kZWpzMjA6c3RhYmxlEk91cy1jZW50cmFsMS1kb2NrZXIucGtnLmRldi9zZXJ2ZXJsZXNzLXJ1bnRpbWVzL2dvb2dsZS0yMi1mdWxsL3J1bnRpbWVzL25vZGVqczIwQAE=","serviceAccount":"projects/half-awake-eyes/serviceAccounts/1002821452473-compute@developer.gserviceaccount.com","automaticUpdatePolicy":{}},"serviceConfig":{"service":"projects/half-awake-eyes/locations/us-central1/services/listinboxmessages","timeoutSeconds":60,"environmentVariables":{"FIREBASE_CONFIG":"{\"projectId\":\"half-awake-eyes\",\"storageBucket\":\"half-awake-eyes.firebasestorage.app\"}","GCLOUD_PROJECT":"half-awake-eyes","EVENTARC_CLOUD_EVENT_SOURCE":"projects/half-awake-eyes/locations/us-central1/services/listInboxMessages","FUNCTION_TARGET":"listInboxMessages","LOG_EXECUTION_ID":"true","FUNCTION_SIGNATURE_TYPE":"http"},"maxInstanceCount":2,"ingressSettings":"ALLOW_ALL","uri":"https://listinboxmessages-mni4uoxhba-uc.a.run.app","serviceAccountEmail":"1002821452473-compute@developer.gserviceaccount.com","availableMemory":"256Mi","allTrafficOnLatestRevision":true,"secretEnvironmentVariables":[{"key":"IONOS_EMAIL","projectId":"half-awake-eyes","secret":"IONOS_EMAIL","version":"5"},{"key":"IONOS_PASSWORD","projectId":"half-awake-eyes","secret":"IONOS_PASSWORD","version":"4"}],"revision":"listinboxmessages-00008-lok","maxInstanceRequestConcurrency":80,"availableCpu":"1"},"state":"ACTIVE","labels":{"deployment-tool":"cli-firebase","deployment-callable":"true","firebase-functions-hash":"9049220809fcc689e07b78257906dac543117edc"},"environment":"GEN_2","url":"https://us-central1-half-awake-eyes.cloudfunctions.net/listInboxMessages","satisfiesPzi":true},"stages":[{"name":"BUILD","message":"Reusing build","state":"COMPLETE","resource":"projects/1002821452473/locations/us-central1/builds/0c624f0e-1939-4b2a-bd9d-2abd04725a40","stateMessages":[{"severity":"WARNING","type":"BuildAnalysisWarning","message":"Node.js 20 is no longer supported by the Node.js community as of 30 April, 2026. Runtime nodejs20 is currently deprecated for Cloud Functions. We recommend you to upgrade to the latest version of Node.js as soon as possible."}]},{"name":"SERVICE","message":"Updating Cloud Run service","state":"IN_PROGRESS","resource":"projects/half-awake-eyes/locations/us-central1/services/listinboxmessages","resourceUri":"https://console.cloud.google.com/run/detail/us-central1/listinboxmessages?project=half-awake-eyes","stateMessages":[{"severity":"INFO","type":"CloudRunServiceNewRevisionTrafficInfo","message":"A new revision will be deployed serving with 100% traffic."}]}],"sourceToken":"Clhwcm9qZWN0cy8xMDAyODIxNDUyNDczL2xvY2F0aW9ucy91cy1jZW50cmFsMS9idWlsZHMvMGM2MjRmMGUtMTkzOS00YjJhLWJkOWQtMmFiZDA0NzI1YTQwEnd1cy1jZW50cmFsMS1kb2NrZXIucGtnLmRldi9oYWxmLWF3YWtlLWV5ZXMvZ2NmLWFydGlmYWN0cy9oYWxmLS1hd2FrZS0tZXllc19fdXMtLWNlbnRyYWwxX190cmFzaF9lbWFpbF9tZXNzYWdlOnZlcnNpb25fMRi5hcTmlx0iSnByb2plY3RzL2hhbGYtYXdha2UtZXllcy9sb2NhdGlvbnMvdXMtY2VudHJhbDEvZnVuY3Rpb25zL3RyYXNoRW1haWxNZXNzYWdlKgwIoMuH0QYQqN2sxwMyCG5vZGVqczIwOnYKI2djci5pby9nYWUtcnVudGltZXMvbm9kZWpzMjA6c3RhYmxlEk91cy1jZW50cmFsMS1kb2NrZXIucGtnLmRldi9zZXJ2ZXJsZXNzLXJ1bnRpbWVzL2dvb2dsZS0yMi1mdWxsL3J1bnRpbWVzL25vZGVqczIwQAE=","operationType":"UPDATE_FUNCTION","buildName":"projects/1002821452473/locations/us-central1/builds/0c624f0e-1939-4b2a-bd9d-2abd04725a40"},"done":false}
[debug] [2026-06-04T20:52:59.869Z] Got source token Clhwcm9qZWN0cy8xMDAyODIxNDUyNDczL2xvY2F0aW9ucy91cy1jZW50cmFsMS9idWlsZHMvMGM2MjRmMGUtMTkzOS00YjJhLWJkOWQtMmFiZDA0NzI1YTQwEnd1cy1jZW50cmFsMS1kb2NrZXIucGtnLmRldi9oYWxmLWF3YWtlLWV5ZXMvZ2NmLWFydGlmYWN0cy9oYWxmLS1hd2FrZS0tZXllc19fdXMtLWNlbnRyYWwxX190cmFzaF9lbWFpbF9tZXNzYWdlOnZlcnNpb25fMRi5hcTmlx0iSnByb2plY3RzL2hhbGYtYXdha2UtZXllcy9sb2NhdGlvbnMvdXMtY2VudHJhbDEvZnVuY3Rpb25zL3RyYXNoRW1haWxNZXNzYWdlKgwIoMuH0QYQqN2sxwMyCG5vZGVqczIwOnYKI2djci5pby9nYWUtcnVudGltZXMvbm9kZWpzMjA6c3RhYmxlEk91cy1jZW50cmFsMS1kb2NrZXIucGtnLmRldi9zZXJ2ZXJsZXNzLXJ1bnRpbWVzL2dvb2dsZS0yMi1mdWxsL3J1bnRpbWVzL25vZGVqczIwQAE= for region us-central1
[debug] [2026-06-04T20:53:00.838Z] [update-default-us-central1-sendAdminEmail] Retrying task index 0
[debug] [2026-06-04T20:53:00.838Z] Checked if tokens are valid: true, expires at: 1780609906142
[debug] [2026-06-04T20:53:00.838Z] Checked if tokens are valid: true, expires at: 1780609906142
[debug] [2026-06-04T20:53:00.838Z] >>> [apiv2][query] GET https://cloudfunctions.googleapis.com/v2/projects/half-awake-eyes/locations/us-central1/operations/operation-1780606375796-65373ba839e9c-79401f49-b8c7d401 [none]
[debug] [2026-06-04T20:53:01.334Z] [update-default-us-central1-getEmailMessage] Retrying task index 0
[debug] [2026-06-04T20:53:01.335Z] Checked if tokens are valid: true, expires at: 1780609906142
[debug] [2026-06-04T20:53:01.335Z] Checked if tokens are valid: true, expires at: 1780609906142
[debug] [2026-06-04T20:53:01.335Z] >>> [apiv2][query] GET https://cloudfunctions.googleapis.com/v2/projects/half-awake-eyes/locations/us-central1/operations/operation-1780606375792-65373ba838e68-abc95ae0-f4c65338 [none]
[debug] [2026-06-04T20:53:01.531Z] <<< [apiv2][status] GET https://cloudfunctions.googleapis.com/v2/projects/half-awake-eyes/locations/us-central1/operations/operation-1780606375796-65373ba839e9c-79401f49-b8c7d401 200
[debug] [2026-06-04T20:53:01.531Z] <<< [apiv2][body] GET https://cloudfunctions.googleapis.com/v2/projects/half-awake-eyes/locations/us-central1/operations/operation-1780606375796-65373ba839e9c-79401f49-b8c7d401 {"name":"projects/half-awake-eyes/locations/us-central1/operations/operation-1780606375796-65373ba839e9c-79401f49-b8c7d401","metadata":{"@type":"type.googleapis.com/google.cloud.functions.v2.OperationMetadata","createTime":"2026-06-04T20:52:56.626769399Z","target":"projects/half-awake-eyes/locations/us-central1/functions/sendAdminEmail","verb":"update","cancelRequested":false,"apiVersion":"v2","requestResource":{"@type":"type.googleapis.com/google.cloud.functions.v2.Function","name":"projects/half-awake-eyes/locations/us-central1/functions/sendAdminEmail","buildConfig":{"runtime":"nodejs20","entryPoint":"sendAdminEmail","source":{"storageSource":{"bucket":"gcf-v2-sources-1002821452473-us-central1","object":"sendAdminEmail/function-source.zip","generation":"1780606376580701"}},"environmentVariables":{"GOOGLE_NODE_RUN_SCRIPTS":""},"dockerRepository":"projects/half-awake-eyes/locations/us-central1/repositories/gcf-artifacts","sourceProvenance":{"resolvedStorageSource":{"bucket":"gcf-v2-sources-1002821452473-us-central1","object":"sendAdminEmail/function-source.zip","generation":"1780602104864430"}},"dockerRegistry":"ARTIFACT_REGISTRY","sourceToken":"Clhwcm9qZWN0cy8xMDAyODIxNDUyNDczL2xvY2F0aW9ucy91cy1jZW50cmFsMS9idWlsZHMvMGM2MjRmMGUtMTkzOS00YjJhLWJkOWQtMmFiZDA0NzI1YTQwEnd1cy1jZW50cmFsMS1kb2NrZXIucGtnLmRldi9oYWxmLWF3YWtlLWV5ZXMvZ2NmLWFydGlmYWN0cy9oYWxmLS1hd2FrZS0tZXllc19fdXMtLWNlbnRyYWwxX190cmFzaF9lbWFpbF9tZXNzYWdlOnZlcnNpb25fMRi5hcTmlx0iSnByb2plY3RzL2hhbGYtYXdha2UtZXllcy9sb2NhdGlvbnMvdXMtY2VudHJhbDEvZnVuY3Rpb25zL3RyYXNoRW1haWxNZXNzYWdlKgwIoMuH0QYQqN2sxwMyCG5vZGVqczIwOnYKI2djci5pby9nYWUtcnVudGltZXMvbm9kZWpzMjA6c3RhYmxlEk91cy1jZW50cmFsMS1kb2NrZXIucGtnLmRldi9zZXJ2ZXJsZXNzLXJ1bnRpbWVzL2dvb2dsZS0yMi1mdWxsL3J1bnRpbWVzL25vZGVqczIwQAE=","serviceAccount":"projects/half-awake-eyes/serviceAccounts/1002821452473-compute@developer.gserviceaccount.com","automaticUpdatePolicy":{}},"serviceConfig":{"service":"projects/half-awake-eyes/locations/us-central1/services/sendadminemail","timeoutSeconds":60,"environmentVariables":{"FIREBASE_CONFIG":"{\"projectId\":\"half-awake-eyes\",\"storageBucket\":\"half-awake-eyes.firebasestorage.app\"}","GCLOUD_PROJECT":"half-awake-eyes","EVENTARC_CLOUD_EVENT_SOURCE":"projects/half-awake-eyes/locations/us-central1/services/sendAdminEmail","FUNCTION_TARGET":"sendAdminEmail","LOG_EXECUTION_ID":"true","FUNCTION_SIGNATURE_TYPE":"http"},"maxInstanceCount":2,"ingressSettings":"ALLOW_ALL","uri":"https://sendadminemail-mni4uoxhba-uc.a.run.app","serviceAccountEmail":"1002821452473-compute@developer.gserviceaccount.com","availableMemory":"256Mi","allTrafficOnLatestRevision":true,"secretEnvironmentVariables":[{"key":"IONOS_EMAIL","projectId":"half-awake-eyes","secret":"IONOS_EMAIL","version":"5"},{"key":"IONOS_PASSWORD","projectId":"half-awake-eyes","secret":"IONOS_PASSWORD","version":"4"}],"revision":"sendadminemail-00008-far","maxInstanceRequestConcurrency":80,"availableCpu":"1"},"state":"ACTIVE","labels":{"deployment-tool":"cli-firebase","deployment-callable":"true","firebase-functions-hash":"9049220809fcc689e07b78257906dac543117edc"},"environment":"GEN_2","url":"https://us-central1-half-awake-eyes.cloudfunctions.net/sendAdminEmail","satisfiesPzi":true},"stages":[{"name":"BUILD","message":"Reusing build","state":"COMPLETE","resource":"projects/1002821452473/locations/us-central1/builds/0c624f0e-1939-4b2a-bd9d-2abd04725a40","stateMessages":[{"severity":"WARNING","type":"BuildAnalysisWarning","message":"Node.js 20 is no longer supported by the Node.js community as of 30 April, 2026. Runtime nodejs20 is currently deprecated for Cloud Functions. We recommend you to upgrade to the latest version of Node.js as soon as possible."}]},{"name":"SERVICE","message":"Updating Cloud Run service","state":"IN_PROGRESS","resource":"projects/half-awake-eyes/locations/us-central1/services/sendadminemail","resourceUri":"https://console.cloud.google.com/run/detail/us-central1/sendadminemail?project=half-awake-eyes","stateMessages":[{"severity":"INFO","type":"CloudRunServiceNewRevisionTrafficInfo","message":"A new revision will be deployed serving with 100% traffic."}]}],"sourceToken":"Clhwcm9qZWN0cy8xMDAyODIxNDUyNDczL2xvY2F0aW9ucy91cy1jZW50cmFsMS9idWlsZHMvMGM2MjRmMGUtMTkzOS00YjJhLWJkOWQtMmFiZDA0NzI1YTQwEnd1cy1jZW50cmFsMS1kb2NrZXIucGtnLmRldi9oYWxmLWF3YWtlLWV5ZXMvZ2NmLWFydGlmYWN0cy9oYWxmLS1hd2FrZS0tZXllc19fdXMtLWNlbnRyYWwxX190cmFzaF9lbWFpbF9tZXNzYWdlOnZlcnNpb25fMRi5hcTmlx0iSnByb2plY3RzL2hhbGYtYXdha2UtZXllcy9sb2NhdGlvbnMvdXMtY2VudHJhbDEvZnVuY3Rpb25zL3RyYXNoRW1haWxNZXNzYWdlKgwIoMuH0QYQqN2sxwMyCG5vZGVqczIwOnYKI2djci5pby9nYWUtcnVudGltZXMvbm9kZWpzMjA6c3RhYmxlEk91cy1jZW50cmFsMS1kb2NrZXIucGtnLmRldi9zZXJ2ZXJsZXNzLXJ1bnRpbWVzL2dvb2dsZS0yMi1mdWxsL3J1bnRpbWVzL25vZGVqczIwQAE=","operationType":"UPDATE_FUNCTION","buildName":"projects/1002821452473/locations/us-central1/builds/0c624f0e-1939-4b2a-bd9d-2abd04725a40"},"done":false}
[debug] [2026-06-04T20:53:01.531Z] Got source token Clhwcm9qZWN0cy8xMDAyODIxNDUyNDczL2xvY2F0aW9ucy91cy1jZW50cmFsMS9idWlsZHMvMGM2MjRmMGUtMTkzOS00YjJhLWJkOWQtMmFiZDA0NzI1YTQwEnd1cy1jZW50cmFsMS1kb2NrZXIucGtnLmRldi9oYWxmLWF3YWtlLWV5ZXMvZ2NmLWFydGlmYWN0cy9oYWxmLS1hd2FrZS0tZXllc19fdXMtLWNlbnRyYWwxX190cmFzaF9lbWFpbF9tZXNzYWdlOnZlcnNpb25fMRi5hcTmlx0iSnByb2plY3RzL2hhbGYtYXdha2UtZXllcy9sb2NhdGlvbnMvdXMtY2VudHJhbDEvZnVuY3Rpb25zL3RyYXNoRW1haWxNZXNzYWdlKgwIoMuH0QYQqN2sxwMyCG5vZGVqczIwOnYKI2djci5pby9nYWUtcnVudGltZXMvbm9kZWpzMjA6c3RhYmxlEk91cy1jZW50cmFsMS1kb2NrZXIucGtnLmRldi9zZXJ2ZXJsZXNzLXJ1bnRpbWVzL2dvb2dsZS0yMi1mdWxsL3J1bnRpbWVzL25vZGVqczIwQAE= for region us-central1
[debug] [2026-06-04T20:53:01.879Z] [update-default-us-central1-listInboxMessages] Retrying task index 0
[debug] [2026-06-04T20:53:01.879Z] Checked if tokens are valid: true, expires at: 1780609906142
[debug] [2026-06-04T20:53:01.879Z] Checked if tokens are valid: true, expires at: 1780609906142
[debug] [2026-06-04T20:53:01.879Z] >>> [apiv2][query] GET https://cloudfunctions.googleapis.com/v2/projects/half-awake-eyes/locations/us-central1/operations/operation-1780606375766-65373ba832903-84ac1c36-c3222f49 [none]
[debug] [2026-06-04T20:53:02.046Z] <<< [apiv2][status] GET https://cloudfunctions.googleapis.com/v2/projects/half-awake-eyes/locations/us-central1/operations/operation-1780606375792-65373ba838e68-abc95ae0-f4c65338 200
[debug] [2026-06-04T20:53:02.046Z] <<< [apiv2][body] GET https://cloudfunctions.googleapis.com/v2/projects/half-awake-eyes/locations/us-central1/operations/operation-1780606375792-65373ba838e68-abc95ae0-f4c65338 {"name":"projects/half-awake-eyes/locations/us-central1/operations/operation-1780606375792-65373ba838e68-abc95ae0-f4c65338","metadata":{"@type":"type.googleapis.com/google.cloud.functions.v2.OperationMetadata","createTime":"2026-06-04T20:52:56.576582885Z","target":"projects/half-awake-eyes/locations/us-central1/functions/getEmailMessage","verb":"update","cancelRequested":false,"apiVersion":"v2","requestResource":{"@type":"type.googleapis.com/google.cloud.functions.v2.Function","name":"projects/half-awake-eyes/locations/us-central1/functions/getEmailMessage","buildConfig":{"runtime":"nodejs20","entryPoint":"getEmailMessage","source":{"storageSource":{"bucket":"gcf-v2-sources-1002821452473-us-central1","object":"getEmailMessage/function-source.zip","generation":"1780606376526512"}},"environmentVariables":{"GOOGLE_NODE_RUN_SCRIPTS":""},"dockerRepository":"projects/half-awake-eyes/locations/us-central1/repositories/gcf-artifacts","sourceProvenance":{"resolvedStorageSource":{"bucket":"gcf-v2-sources-1002821452473-us-central1","object":"getEmailMessage/function-source.zip","generation":"1780602104794615"}},"dockerRegistry":"ARTIFACT_REGISTRY","sourceToken":"Clhwcm9qZWN0cy8xMDAyODIxNDUyNDczL2xvY2F0aW9ucy91cy1jZW50cmFsMS9idWlsZHMvMGM2MjRmMGUtMTkzOS00YjJhLWJkOWQtMmFiZDA0NzI1YTQwEnd1cy1jZW50cmFsMS1kb2NrZXIucGtnLmRldi9oYWxmLWF3YWtlLWV5ZXMvZ2NmLWFydGlmYWN0cy9oYWxmLS1hd2FrZS0tZXllc19fdXMtLWNlbnRyYWwxX190cmFzaF9lbWFpbF9tZXNzYWdlOnZlcnNpb25fMRi5hcTmlx0iSnByb2plY3RzL2hhbGYtYXdha2UtZXllcy9sb2NhdGlvbnMvdXMtY2VudHJhbDEvZnVuY3Rpb25zL3RyYXNoRW1haWxNZXNzYWdlKgwIoMuH0QYQqN2sxwMyCG5vZGVqczIwOnYKI2djci5pby9nYWUtcnVudGltZXMvbm9kZWpzMjA6c3RhYmxlEk91cy1jZW50cmFsMS1kb2NrZXIucGtnLmRldi9zZXJ2ZXJsZXNzLXJ1bnRpbWVzL2dvb2dsZS0yMi1mdWxsL3J1bnRpbWVzL25vZGVqczIwQAE=","serviceAccount":"projects/half-awake-eyes/serviceAccounts/1002821452473-compute@developer.gserviceaccount.com","automaticUpdatePolicy":{}},"serviceConfig":{"service":"projects/half-awake-eyes/locations/us-central1/services/getemailmessage","timeoutSeconds":60,"environmentVariables":{"FIREBASE_CONFIG":"{\"projectId\":\"half-awake-eyes\",\"storageBucket\":\"half-awake-eyes.firebasestorage.app\"}","GCLOUD_PROJECT":"half-awake-eyes","EVENTARC_CLOUD_EVENT_SOURCE":"projects/half-awake-eyes/locations/us-central1/services/getEmailMessage","FUNCTION_TARGET":"getEmailMessage","LOG_EXECUTION_ID":"true","FUNCTION_SIGNATURE_TYPE":"http"},"maxInstanceCount":2,"ingressSettings":"ALLOW_ALL","uri":"https://getemailmessage-mni4uoxhba-uc.a.run.app","serviceAccountEmail":"1002821452473-compute@developer.gserviceaccount.com","availableMemory":"256Mi","allTrafficOnLatestRevision":true,"secretEnvironmentVariables":[{"key":"IONOS_EMAIL","projectId":"half-awake-eyes","secret":"IONOS_EMAIL","version":"5"},{"key":"IONOS_PASSWORD","projectId":"half-awake-eyes","secret":"IONOS_PASSWORD","version":"4"}],"revision":"getemailmessage-00008-nok","maxInstanceRequestConcurrency":80,"availableCpu":"1"},"state":"ACTIVE","labels":{"deployment-tool":"cli-firebase","deployment-callable":"true","firebase-functions-hash":"9049220809fcc689e07b78257906dac543117edc"},"environment":"GEN_2","url":"https://us-central1-half-awake-eyes.cloudfunctions.net/getEmailMessage","satisfiesPzi":true},"stages":[{"name":"BUILD","message":"Reusing build","state":"COMPLETE","resource":"projects/1002821452473/locations/us-central1/builds/0c624f0e-1939-4b2a-bd9d-2abd04725a40","stateMessages":[{"severity":"WARNING","type":"BuildAnalysisWarning","message":"Node.js 20 is no longer supported by the Node.js community as of 30 April, 2026. Runtime nodejs20 is currently deprecated for Cloud Functions. We recommend you to upgrade to the latest version of Node.js as soon as possible."}]},{"name":"SERVICE","message":"Updating Cloud Run service","state":"IN_PROGRESS","resource":"projects/half-awake-eyes/locations/us-central1/services/getemailmessage","resourceUri":"https://console.cloud.google.com/run/detail/us-central1/getemailmessage?project=half-awake-eyes","stateMessages":[{"severity":"INFO","type":"CloudRunServiceNewRevisionTrafficInfo","message":"A new revision will be deployed serving with 100% traffic."}]}],"sourceToken":"Clhwcm9qZWN0cy8xMDAyODIxNDUyNDczL2xvY2F0aW9ucy91cy1jZW50cmFsMS9idWlsZHMvMGM2MjRmMGUtMTkzOS00YjJhLWJkOWQtMmFiZDA0NzI1YTQwEnd1cy1jZW50cmFsMS1kb2NrZXIucGtnLmRldi9oYWxmLWF3YWtlLWV5ZXMvZ2NmLWFydGlmYWN0cy9oYWxmLS1hd2FrZS0tZXllc19fdXMtLWNlbnRyYWwxX190cmFzaF9lbWFpbF9tZXNzYWdlOnZlcnNpb25fMRi5hcTmlx0iSnByb2plY3RzL2hhbGYtYXdha2UtZXllcy9sb2NhdGlvbnMvdXMtY2VudHJhbDEvZnVuY3Rpb25zL3RyYXNoRW1haWxNZXNzYWdlKgwIoMuH0QYQqN2sxwMyCG5vZGVqczIwOnYKI2djci5pby9nYWUtcnVudGltZXMvbm9kZWpzMjA6c3RhYmxlEk91cy1jZW50cmFsMS1kb2NrZXIucGtnLmRldi9zZXJ2ZXJsZXNzLXJ1bnRpbWVzL2dvb2dsZS0yMi1mdWxsL3J1bnRpbWVzL25vZGVqczIwQAE=","operationType":"UPDATE_FUNCTION","buildName":"projects/1002821452473/locations/us-central1/builds/0c624f0e-1939-4b2a-bd9d-2abd04725a40"},"done":false}
[debug] [2026-06-04T20:53:02.046Z] Got source token Clhwcm9qZWN0cy8xMDAyODIxNDUyNDczL2xvY2F0aW9ucy91cy1jZW50cmFsMS9idWlsZHMvMGM2MjRmMGUtMTkzOS00YjJhLWJkOWQtMmFiZDA0NzI1YTQwEnd1cy1jZW50cmFsMS1kb2NrZXIucGtnLmRldi9oYWxmLWF3YWtlLWV5ZXMvZ2NmLWFydGlmYWN0cy9oYWxmLS1hd2FrZS0tZXllc19fdXMtLWNlbnRyYWwxX190cmFzaF9lbWFpbF9tZXNzYWdlOnZlcnNpb25fMRi5hcTmlx0iSnByb2plY3RzL2hhbGYtYXdha2UtZXllcy9sb2NhdGlvbnMvdXMtY2VudHJhbDEvZnVuY3Rpb25zL3RyYXNoRW1haWxNZXNzYWdlKgwIoMuH0QYQqN2sxwMyCG5vZGVqczIwOnYKI2djci5pby9nYWUtcnVudGltZXMvbm9kZWpzMjA6c3RhYmxlEk91cy1jZW50cmFsMS1kb2NrZXIucGtnLmRldi9zZXJ2ZXJsZXNzLXJ1bnRpbWVzL2dvb2dsZS0yMi1mdWxsL3J1bnRpbWVzL25vZGVqczIwQAE= for region us-central1
[debug] [2026-06-04T20:53:02.570Z] <<< [apiv2][status] GET https://cloudfunctions.googleapis.com/v2/projects/half-awake-eyes/locations/us-central1/operations/operation-1780606375766-65373ba832903-84ac1c36-c3222f49 200
[debug] [2026-06-04T20:53:02.570Z] <<< [apiv2][body] GET https://cloudfunctions.googleapis.com/v2/projects/half-awake-eyes/locations/us-central1/operations/operation-1780606375766-65373ba832903-84ac1c36-c3222f49 {"name":"projects/half-awake-eyes/locations/us-central1/operations/operation-1780606375766-65373ba832903-84ac1c36-c3222f49","metadata":{"@type":"type.googleapis.com/google.cloud.functions.v2.OperationMetadata","createTime":"2026-06-04T20:52:56.604882588Z","target":"projects/half-awake-eyes/locations/us-central1/functions/listInboxMessages","verb":"update","cancelRequested":false,"apiVersion":"v2","requestResource":{"@type":"type.googleapis.com/google.cloud.functions.v2.Function","name":"projects/half-awake-eyes/locations/us-central1/functions/listInboxMessages","buildConfig":{"runtime":"nodejs20","entryPoint":"listInboxMessages","source":{"storageSource":{"bucket":"gcf-v2-sources-1002821452473-us-central1","object":"listInboxMessages/function-source.zip","generation":"1780606376558218"}},"environmentVariables":{"GOOGLE_NODE_RUN_SCRIPTS":""},"dockerRepository":"projects/half-awake-eyes/locations/us-central1/repositories/gcf-artifacts","sourceProvenance":{"resolvedStorageSource":{"bucket":"gcf-v2-sources-1002821452473-us-central1","object":"listInboxMessages/function-source.zip","generation":"1780602062407176"}},"dockerRegistry":"ARTIFACT_REGISTRY","sourceToken":"Clhwcm9qZWN0cy8xMDAyODIxNDUyNDczL2xvY2F0aW9ucy91cy1jZW50cmFsMS9idWlsZHMvMGM2MjRmMGUtMTkzOS00YjJhLWJkOWQtMmFiZDA0NzI1YTQwEnd1cy1jZW50cmFsMS1kb2NrZXIucGtnLmRldi9oYWxmLWF3YWtlLWV5ZXMvZ2NmLWFydGlmYWN0cy9oYWxmLS1hd2FrZS0tZXllc19fdXMtLWNlbnRyYWwxX190cmFzaF9lbWFpbF9tZXNzYWdlOnZlcnNpb25fMRi5hcTmlx0iSnByb2plY3RzL2hhbGYtYXdha2UtZXllcy9sb2NhdGlvbnMvdXMtY2VudHJhbDEvZnVuY3Rpb25zL3RyYXNoRW1haWxNZXNzYWdlKgwIoMuH0QYQqN2sxwMyCG5vZGVqczIwOnYKI2djci5pby9nYWUtcnVudGltZXMvbm9kZWpzMjA6c3RhYmxlEk91cy1jZW50cmFsMS1kb2NrZXIucGtnLmRldi9zZXJ2ZXJsZXNzLXJ1bnRpbWVzL2dvb2dsZS0yMi1mdWxsL3J1bnRpbWVzL25vZGVqczIwQAE=","serviceAccount":"projects/half-awake-eyes/serviceAccounts/1002821452473-compute@developer.gserviceaccount.com","automaticUpdatePolicy":{}},"serviceConfig":{"service":"projects/half-awake-eyes/locations/us-central1/services/listinboxmessages","timeoutSeconds":60,"environmentVariables":{"FIREBASE_CONFIG":"{\"projectId\":\"half-awake-eyes\",\"storageBucket\":\"half-awake-eyes.firebasestorage.app\"}","GCLOUD_PROJECT":"half-awake-eyes","EVENTARC_CLOUD_EVENT_SOURCE":"projects/half-awake-eyes/locations/us-central1/services/listInboxMessages","FUNCTION_TARGET":"listInboxMessages","LOG_EXECUTION_ID":"true","FUNCTION_SIGNATURE_TYPE":"http"},"maxInstanceCount":2,"ingressSettings":"ALLOW_ALL","uri":"https://listinboxmessages-mni4uoxhba-uc.a.run.app","serviceAccountEmail":"1002821452473-compute@developer.gserviceaccount.com","availableMemory":"256Mi","allTrafficOnLatestRevision":true,"secretEnvironmentVariables":[{"key":"IONOS_EMAIL","projectId":"half-awake-eyes","secret":"IONOS_EMAIL","version":"5"},{"key":"IONOS_PASSWORD","projectId":"half-awake-eyes","secret":"IONOS_PASSWORD","version":"4"}],"revision":"listinboxmessages-00008-lok","maxInstanceRequestConcurrency":80,"availableCpu":"1"},"state":"ACTIVE","labels":{"deployment-tool":"cli-firebase","deployment-callable":"true","firebase-functions-hash":"9049220809fcc689e07b78257906dac543117edc"},"environment":"GEN_2","url":"https://us-central1-half-awake-eyes.cloudfunctions.net/listInboxMessages","satisfiesPzi":true},"stages":[{"name":"BUILD","message":"Reusing build","state":"COMPLETE","resource":"projects/1002821452473/locations/us-central1/builds/0c624f0e-1939-4b2a-bd9d-2abd04725a40","stateMessages":[{"severity":"WARNING","type":"BuildAnalysisWarning","message":"Node.js 20 is no longer supported by the Node.js community as of 30 April, 2026. Runtime nodejs20 is currently deprecated for Cloud Functions. We recommend you to upgrade to the latest version of Node.js as soon as possible."}]},{"name":"SERVICE","message":"Updating Cloud Run service","state":"IN_PROGRESS","resource":"projects/half-awake-eyes/locations/us-central1/services/listinboxmessages","resourceUri":"https://console.cloud.google.com/run/detail/us-central1/listinboxmessages?project=half-awake-eyes","stateMessages":[{"severity":"INFO","type":"CloudRunServiceNewRevisionTrafficInfo","message":"A new revision will be deployed serving with 100% traffic."}]}],"sourceToken":"Clhwcm9qZWN0cy8xMDAyODIxNDUyNDczL2xvY2F0aW9ucy91cy1jZW50cmFsMS9idWlsZHMvMGM2MjRmMGUtMTkzOS00YjJhLWJkOWQtMmFiZDA0NzI1YTQwEnd1cy1jZW50cmFsMS1kb2NrZXIucGtnLmRldi9oYWxmLWF3YWtlLWV5ZXMvZ2NmLWFydGlmYWN0cy9oYWxmLS1hd2FrZS0tZXllc19fdXMtLWNlbnRyYWwxX190cmFzaF9lbWFpbF9tZXNzYWdlOnZlcnNpb25fMRi5hcTmlx0iSnByb2plY3RzL2hhbGYtYXdha2UtZXllcy9sb2NhdGlvbnMvdXMtY2VudHJhbDEvZnVuY3Rpb25zL3RyYXNoRW1haWxNZXNzYWdlKgwIoMuH0QYQqN2sxwMyCG5vZGVqczIwOnYKI2djci5pby9nYWUtcnVudGltZXMvbm9kZWpzMjA6c3RhYmxlEk91cy1jZW50cmFsMS1kb2NrZXIucGtnLmRldi9zZXJ2ZXJsZXNzLXJ1bnRpbWVzL2dvb2dsZS0yMi1mdWxsL3J1bnRpbWVzL25vZGVqczIwQAE=","operationType":"UPDATE_FUNCTION","buildName":"projects/1002821452473/locations/us-central1/builds/0c624f0e-1939-4b2a-bd9d-2abd04725a40"},"done":false}
[debug] [2026-06-04T20:53:02.570Z] Got source token Clhwcm9qZWN0cy8xMDAyODIxNDUyNDczL2xvY2F0aW9ucy91cy1jZW50cmFsMS9idWlsZHMvMGM2MjRmMGUtMTkzOS00YjJhLWJkOWQtMmFiZDA0NzI1YTQwEnd1cy1jZW50cmFsMS1kb2NrZXIucGtnLmRldi9oYWxmLWF3YWtlLWV5ZXMvZ2NmLWFydGlmYWN0cy9oYWxmLS1hd2FrZS0tZXllc19fdXMtLWNlbnRyYWwxX190cmFzaF9lbWFpbF9tZXNzYWdlOnZlcnNpb25fMRi5hcTmlx0iSnByb2plY3RzL2hhbGYtYXdha2UtZXllcy9sb2NhdGlvbnMvdXMtY2VudHJhbDEvZnVuY3Rpb25zL3RyYXNoRW1haWxNZXNzYWdlKgwIoMuH0QYQqN2sxwMyCG5vZGVqczIwOnYKI2djci5pby9nYWUtcnVudGltZXMvbm9kZWpzMjA6c3RhYmxlEk91cy1jZW50cmFsMS1kb2NrZXIucGtnLmRldi9zZXJ2ZXJsZXNzLXJ1bnRpbWVzL2dvb2dsZS0yMi1mdWxsL3J1bnRpbWVzL25vZGVqczIwQAE= for region us-central1
